Price,Close,High,Low,Open,Volume,SMA50,SMA200,BB_Mid,BB_Std,BB_Upper,BB_Lower,EMA20,TR,ATR,KC_Upper,KC_Lower,EMA12,EMA26,MACD,MACD_Signal,Signal,Returns,Strategy
Ticker,AAPL,AAPL,AAPL,AAPL,AAPL,,,,,,,,,,,,,,,,,,
Date,,,,,,,,,,,,,,,,,,,,,,,
2023-01-03,123.33064270019531,129.07955877586164,122.44315755676651,128.46818597294893,112117500,,,,,,,123.33064270019531,6.636401219095134,,,,123.33064270019531,123.33064270019531,0.0,0.0,-1,,
2023-01-04,124.60270690917969,126.87072372434358,123.34050912530462,125.1253349737568,89113600,,,,,,,123.45179167247954,3.530214599038956,,,,123.5263448861929,123.4248696786386,0.1014752075543015,0.020295041510860302,-1,0.010314259142203852,-0.010314259142203852
2023-01-05,123.28133392333984,125.99308946159266,123.02495518012978,125.36199059273537,80962700,,,,,,,123.4355576011329,2.9681342814628806,,,,123.48865089190782,123.41423740046832,0.07441349143950049,0.03111873149658834,-1,-0.010604689244857024,0.010604689244857024
2023-01-06,127.81735229492188,128.47803270861587,123.15313725839339,124.25756397513359,87754700,,,,,,,123.85287138149376,5.324895450222485,,,,124.15460495391,123.74039405931673,0.41421089459326765,0.10773716411592421,-1,0.03679404032408229,-0.03679404032408229
2023-01-09,128.33999633789062,131.55466910779157,128.08361757784448,128.6555533163335,70790800,,,,,,,124.28021661543632,3.47105152994709,,,,124.79851132067624,124.08110533921109,0.7174059814651486,0.2296709275857691,-1,0.004088991311311352,-0.004088991311311352
2023-01-10,128.9119415283203,129.4345696464241,126.33823803970584,128.44847658636624,63896200,,,,,,,124.72133327380622,3.096331606718266,,,,125.43134673723688,124.43894505692289,0.9924016803139892,0.38221707813141315,-1,0.004456484391069271,-0.004456484391069271
2023-01-11,131.63357543945312,131.65328646822576,128.64571450243,129.4247214433815,69458900,,,,,,,125.37964205148688,3.007571965795762,,,,126.38553576834707,124.97188064081402,1.4136551275330476,0.58850468801174,-1,0.02111234908780668,-0.02111234908780668
2023-01-12,131.5546875,132.39285762882386,129.6120828388038,132.01815247276784,71379600,,,,,,,125.96774161801194,2.780774790020075,,,,127.18078988090906,125.45949596371669,1.7212939171923693,0.8150625338478659,-1,-0.000599299526657715,0.000599299526657715
2023-01-13,132.8858642578125,133.04364272167805,129.82898551497536,130.1938350469048,57809700,,,,,,,126.62661044085009,3.2146572067026966,,,,128.05849363120188,126.0095973188349,2.0488963123669777,1.0618292895516883,-1,0.010118809014787011,-0.010118809014787011
2023-01-17,134.0494842529297,135.38070076927318,132.26465833803292,132.95492042575748,63646600,,,,,,,127.33355080390528,3.1160424312402597,,,,128.9801844960831,126.60514449913822,2.375039996944878,1.3244714310303263,-1,0.008756537059951164,-0.008756537059951164
2023-01-18,133.3296661376953,136.68237694738994,133.1521615402051,134.91727676709147,69672800,,,,,,,127.90460940712337,3.5302154071848406,,,,129.6493355178696,127.10325721310541,2.5460783047641797,1.568792805777097,-1,-0.005369793992464733,0.005369793992464733
2023-01-19,133.38877868652344,134.35514542774973,131.9096394708051,132.2153258346004,58280400,,,,,,,128.4269112432567,2.445505956944629,,,,130.22463446689326,127.56885139632156,2.655783070571701,1.786190858736018,-1,0.0004433563102683724,-0.0004433563102683724
2023-01-20,135.9525909423828,136.1005138701175,132.3533587328716,133.3986145505782,80223600,,,,,,,129.14364264317348,3.7471551372458975,,,,131.10585854004552,128.18986914047423,2.9159893995712878,2.012150566903072,-1,0.019220599222102397,-0.019220599222102397
2023-01-23,139.14756774902344,141.32683964763805,135.9822029643826,136.19914460303502,81760300,,,,,,,130.09639741515917,5.344636683255459,,,,132.34304457219596,129.0015505188853,3.3414940533106687,2.2780192641845916,-1,0.023500668758822396,-0.023500668758822396
2023-01-24,140.54782104492188,141.16906439218428,138.34883807200805,138.35869358432294,66435100,,,,,,,131.0917710941842,2.820226320176232,,,,133.60531787569226,129.85682981711022,3.7484880585820406,2.5721130230640816,-1,0.010063081364268145,-0.010063081364268145
2023-01-25,139.8871612548828,140.44922647148869,136.87957443059517,138.93064978868992,65799300,,,,,,,131.92942729996503,3.5696520408935157,,,,134.57175531864465,130.5998173310193,3.9719379876253527,2.852078015976336,-1,-0.00470060499783842,0.00470060499783842
2023-01-26,141.9579620361328,142.2439224000094,139.92659771489312,141.178940100887,54105100,,,,,,,132.88452584626674,2.31732468511629,,,,135.70809481364282,131.44116138324992,4.266933430392896,3.135049098859648,-1,0.014803365531715018,-0.014803365531715018
2023-01-27,143.9005126953125,145.18243632337052,141.09015728986634,141.16904651814795,70555800,,,,,,,133.93366745093778,4.092279033504184,,,,136.96846679543816,132.36407629525456,4.604390500183598,3.428917379124438,-1,0.013683985253925002,-0.013683985253925002
2023-01-30,141.01129150390625,143.5258315295515,140.863383580403,142.94404030165967,64015300,,,,,,,134.6077268845538,2.6624479491485147,,,,137.59043982751018,133.0046107551547,4.585829072355494,3.6602997177706493,-1,-0.020077907557728758,0.020077907557728758
2023-01-31,142.2833251953125,142.33263284521934,140.30128406034757,140.71544123571715,65874500,,,133.89071311950684,6.543595662702411,146.97790444491167,120.80352179410202,135.3387362474832,2.031348784871767,3.4853433539292467,142.30942295534172,128.3680495396247,138.31242219178745,133.69192293590712,4.620499255880333,3.8523396253925863,-1,0.009020793142448635,-0.009020793142448635
2023-02-01,143.40750122070312,144.57109881294525,139.35467333783802,141.967813832125,77663600,,,134.89455604553223,6.376166130047973,147.64688830562818,122.14222378543629,136.10719005445654,5.216425475107229,3.4143445667298513,142.93587918791624,129.27850092099683,139.0962805039283,134.41159540144756,4.684685102480756,4.01880872081022,-1,0.007900968183358614,-0.007900968183358614
2023-02-02,148.72251892089844,149.0774978736836,146.10936405021556,146.82920755988812,118339000,,,136.10054664611818,6.604051897786464,149.3086504416911,122.89244285054525,137.30864994649863,2.968133823468037,3.3862405279513057,144.08113100240124,130.53616889059603,140.57724026038525,135.47166381029578,5.1055764500894725,4.236162266666071,-1,0.03706234091629246,-0.03706234091629246
2023-02-03,152.35133361816406,155.19128562284567,145.77409661965578,145.97131216518497,154357300,,,137.55404663085938,6.829345141491305,151.21273691384198,123.89535634787677,138.74128648665726,9.41718900318989,3.708693264037656,146.15867301473259,131.32389995858193,142.38863923850508,136.7220097219897,5.666629516515371,4.5222557166359305,-1,0.02439990072515985,-0.02439990072515985
2023-02-06,149.61990356445312,150.97086135861267,148.6831181180358,150.4482332133508,69858300,,,138.64417419433593,6.932658300157298,152.50949079465053,124.77885759402133,139.77734525597117,2.287743240576873,3.5568356535553756,146.89101656308193,132.6636739488604,143.5011414424971,137.6774092658759,5.823732176621206,4.782551008632986,-1,-0.017928494545093265,0.017928494545093265
2023-02-07,152.49929809570312,153.07123392254363,148.54507002072867,148.54507002072867,83322600,,,139.85213928222657,7.144294945073259,154.14072917237309,125.56354939208006,140.9889598121361,4.526163901814954,3.6095912721487684,148.20814235643363,133.76977726783858,144.88547323529804,138.7753269569742,6.110146278323839,5.048070062571156,-1,0.01924472922821807,-0.01924472922821807
2023-02-08,149.8072052001953,152.43021546379302,149.06763565534052,151.7399535645781,64120100,,,140.89690246582032,6.986313173184667,154.86952881218966,126.92427611945098,141.82879270623698,3.3625798084524945,3.62290368223548,149.07460007070793,134.58298534176603,145.64266276835914,139.59250312313873,6.050159645220418,5.248487979101009,-1,-0.01765314941855245,0.01765314941855245
2023-02-09,148.7718505859375,152.1837390894266,148.32811173185976,151.64138491373802,56007100,,,141.75381622314453,6.839830791496397,155.43347780613732,128.07415464015173,142.4900363138275,3.8556273575668456,3.6653064518240344,149.82064921747556,135.15942341017941,146.1240762787558,140.27245478704975,5.851621491706055,5.369114681622019,-1,-0.006911247111740848,0.006911247111740848
2023-02-10,149.13726806640625,149.46317743221437,147.3694730974516,147.60650220064647,57450700,,,142.63294525146483,6.58514355560873,155.80323236268228,129.46265814024738,143.12310600454927,2.0937043347627764,3.630952929061169,150.3850118626716,135.86120014642694,146.58764424608665,140.92910762255764,5.658536623529017,5.4269990700034185,-1,0.0024562272972310506,-0.0024562272972310506
2023-02-13,151.94204711914062,152.3469510828992,149.0483754519819,149.07800220373113,62199000,,,143.58575439453125,6.4783651354467064,156.54248466542467,130.62902412363783,143.96300515831987,3.2985756309172984,3.635148850271899,151.23330285886368,136.69270745777607,147.4113985342488,141.7448809186008,5.66651761564799,5.474902779132333,-1,0.01880669459149198,-0.01880669459149198
2023-02-14,151.30006408691406,151.863002379357,148.98908756642754,150.23345606140762,61707600,,,144.44828338623046,6.287439786553633,157.02316295933772,131.8734038131232,144.66177267532882,2.8739148129294563,3.623042469356359,151.90785761404155,137.4156877366161,148.0096547731204,142.4526722644018,5.5569825087185905,5.4913187250495845,-1,-0.004225183511731734,0.004225183511731734
2023-02-15,153.40370178222656,153.57159174620645,150.9840880773076,151.21123154980276,65573800,,,145.45198516845704,6.015478307518296,157.48294178349363,133.42102855342046,145.49433735217622,2.5875036688988473,3.5759068824420597,152.64615111706033,138.3425235872921,148.83950815913673,143.26385963609255,5.57564852304418,5.508184684648503,-1,0.013903746227788005,-0.013903746227788005
2023-02-16,151.8037872314453,154.39129073768956,151.44825113314346,151.6062554560653,68167900,,,146.37273559570312,5.455091382959689,157.2829183616225,135.46255282978373,146.095237340678,2.943039604546101,3.600783564822133,153.2968044703223,138.89367021103374,149.29555109333805,143.89644686537795,5.399104227960095,5.486368593310822,-1,-0.010429439004363217,0.010429439004363217
2023-02-17,150.65817260742188,151.10258897284194,148.97925796607987,150.46065589718617,59144100,,,147.10801467895507,4.943764105641261,156.9955428902376,137.22048646767254,146.52980260417743,2.123331006762072,3.519592358297942,153.56898732077332,139.49061788758155,149.50518517242787,144.39731543886268,5.107869733565195,5.410668821361698,-1,-0.007546680125159133,0.007546680125159133
2023-02-21,146.63864135742188,149.4236767462983,146.56951728902385,148.33731221810694,58867200,,,147.482568359375,4.5792498461319955,156.641068051639,138.324068667111,146.54016819972452,2.8541594572744486,3.395068496998891,153.3303051937223,139.75003120572674,149.06417843165772,144.56333958097818,4.500838850679543,5.228702827225267,-1,-0.026679808870866295,0.026679808870866295
2023-02-22,147.06332397460938,148.09041997762213,145.33502627380787,147.02381158820887,51011300,,,147.80834350585937,4.282052573057891,156.37244865197516,139.24423835974358,146.58999255923737,2.7553937038142635,3.391826866180793,153.37364629159896,139.8063388268758,148.7563546690349,144.74852361013603,4.007831058898859,4.984528473559986,-1,0.0028961166937735427,-0.0028961166937735427
2023-02-23,147.54722595214844,148.47557105445037,145.41402441253163,148.22867140254277,48394200,,,148.19134674072265,3.857820049113892,155.90698683895044,140.47570664249486,146.68115764427654,3.0615466419187385,3.366421596232054,153.41400083674066,139.94831445181242,148.57033486643698,144.95583489472955,3.6144999717074313,4.710522773189475,-1,0.0032904327500622443,-0.0032904327500622443
2023-02-24,144.89059448242188,145.3646375819345,143.91286646196608,145.2856278870893,55469600,,,148.3379783630371,3.659037830370515,155.65605402377815,141.01990270229606,146.510627819338,1.451771119968413,3.3231439179746602,153.15691565528732,139.86433998338867,148.00422096120388,144.95100227159566,3.0532186896082294,4.379061956473226,-1,-0.01800529594902822,0.01800529594902822
2023-02-27,146.08558654785156,147.32008482695682,145.62141398934327,145.87819927591497,44998500,,,148.44723205566407,3.5505821538045836,155.54839636327324,141.3460677480549,146.47014769824403,1.6986708376135482,3.2034635081801284,152.8770747146043,140.06322068188376,147.70904643607275,145.03504555131832,2.6740008847544345,4.038049742129468,-1,0.008247547535424449,-0.008247547535424449
2023-02-28,145.5819091796875,147.2311969873109,145.0091001993268,145.2263730908277,50547000,,,148.67576293945314,3.173893300571218,155.02354954059558,142.3279763383107,146.3855535536196,2.2220967879841,3.1814459501219075,152.7484454538634,140.02266165337576,147.38179455047504,145.07555396823457,2.306240582240463,3.691687910151667,-1,-0.003447823841259523,0.003447823841259523
2023-03-01,143.50794982910156,145.40413732845008,143.2116672358624,145.0091039171703,55479000,,,148.73699417114258,3.0536123710583385,154.84421891325925,142.6297694290259,146.11149605604643,2.1924700925876834,3.1895020155077036,152.49050008706183,139.73249202503104,146.7858184394945,144.9594351431136,1.8263832963808966,3.318626987397513,-1,-0.014245996376006542,0.014245996376006542
2023-03-02,144.1005096435547,144.8905915062189,142.11542689154663,142.58948505088003,52238100,,,148.77164459228516,2.9932898849628815,154.7582243622109,142.7850648223594,145.91997354057102,2.7751646146722635,3.067438972485955,152.05485148554294,139.7850955955991,146.3726940093499,144.89581103203517,1.4768829773147445,2.9502781853809594,-1,0.0041291079355449956,-0.0041291079355449956
2023-03-03,149.15701293945312,149.236022634522,145.50290119247913,146.20408774818284,70732300,,,148.7933692932129,2.9944910695950244,154.78235143240295,142.80438715402283,146.2282630071312,3.733121442042858,3.1056883534146964,152.4396397139606,140.01688630030182,146.80105076782735,145.21145561776984,1.5895951500575052,2.6781415783162688,-1,0.03509011389623917,-0.03509011389623917
2023-03-06,151.92230224609375,154.3616721188966,151.55689556759242,151.8827898611123,87558000,,,148.77191772460938,2.969090472482052,154.71009866957348,142.83373677964528,146.77055245846097,2.8047765513041725,2.7750677308204104,152.3206879201018,141.22041699682015,147.58893561063758,145.70855536801605,1.880380242621527,2.5185893111773203,-1,0.018539452166175696,-0.018539452166175696
2023-03-07,149.71995544433594,152.11981283549997,149.25578289163562,151.79390348554702,56182000,,,148.77692031860352,2.970678298021706,154.71827691464694,142.8355637225601,147.05144798092525,2.8640299438643524,2.8038820659847845,152.6592121128948,141.4436838489557,147.91678481582196,146.0056961144101,1.9110887014118418,2.397089189224225,-1,-0.014496533880787976,0.014496533880787976
2023-03-08,150.97418212890625,151.56674727343432,149.9470862905562,150.91492862836495,47204800,,,148.70066452026367,2.8885365596145416,154.47773763949274,142.9235914010346,147.42504170930437,1.6196609828781163,2.6585569200379426,152.74215554938024,142.1079278692285,148.38715363321953,146.3737321154839,2.0134215177356225,2.3203556549265048,-1,0.008377151067458177,-0.008377151067458177
2023-03-09,148.7224578857422,152.62346903568368,148.3669218148619,151.65562670311525,53833600,,,148.64642715454102,2.8768260517268445,154.40007925799472,142.8927750510873,147.5486051546794,4.256547220821773,2.7032552906564065,152.9551157359922,142.1420945733666,148.4387389028384,146.5477118021697,1.8910271006687083,2.2344899440749453,-1,-0.014914631173437831,0.014914631173437831
2023-03-10,146.6583709716797,149.0681136196498,145.7794089470896,148.34717096498875,68572400,,,148.54075317382814,2.910595264230566,154.36194370228927,142.719562645367,147.46382094677466,3.2887046725602147,2.6749091564060747,152.8136392595868,142.1140026339625,148.1648361441986,146.55590877768896,1.608927366509647,2.109377428561886,-1,-0.013878784303364977,0.013878784303364977
2023-03-13,148.60394287109375,151.24082897559975,145.86829089184172,145.97692732623966,84457100,,,148.5140869140625,2.907283704075188,154.32865432221286,142.69951950591212,147.57240398718602,5.37253808375803,2.8388508438558375,153.2501056748977,141.89470229947435,148.2323910252594,146.70761500683005,1.5247760184293497,1.9924571465353789,-1,0.013266013296914014,-0.013266013296914014
2023-03-14,150.6976776123047,151.49763012479718,148.2385665656885,149.40392576424304,73695900,,,148.4518684387207,2.842658194274239,154.13718482726918,142.76655205017224,147.8700490943402,3.2590635591086823,2.8368752402654067,153.543799574871,142.1962986138094,148.61166588480484,147.00317519982818,1.6084906849766583,1.9156638542236348,-1,0.01408936196953503,-0.01408936196953503
2023-03-15,151.0926971435547,151.34946732376167,148.06076257128353,149.3150168625453,77167900,142.88406509399414,,148.44150009155274,2.8320813838053778,154.1056628591635,142.777337323942,148.17696795617016,3.2887047524781394,2.857614737242841,153.89219743065584,142.46173848168448,148.99336300153558,147.30610275121532,1.6872602503202643,1.8699831334429606,-1,0.002621271525273583,-0.002621271525273583
2023-03-16,153.917236328125,154.5196720318581,149.7594399024329,150.27299535550645,76161100,143.49579696655275,,148.46717681884766,2.881338049482672,154.22985291781302,142.7045007198823,148.72366018207063,4.760232129425219,2.9662511602691595,154.65616250260894,142.79115786153233,149.75088197485704,147.79581634950495,1.9550656253520913,1.8869996318247868,-1,0.0186940814345693,-0.0186940814345693
2023-03-17,153.07777404785156,154.7962009363973,152.36670189187112,154.14438228182223,98944600,144.06529830932618,,148.53087615966797,2.9716516388840266,154.47417943743602,142.58757288189992,149.13833769309738,2.4294990445261817,2.9405741322681633,155.01948595763372,143.25718942856105,150.2627115245485,148.18707247530838,2.0756390492401238,1.9247275153078545,-1,-0.005453984883693308,0.005453984883693308
2023-03-20,155.447998046875,155.8628026785515,152.23830291826783,153.14690680049927,73641400,144.7086315917969,,148.77036743164064,3.324214346702181,155.418796125045,142.12193873823628,149.7392577267905,3.624499760283669,3.0156325699442434,155.770522866679,143.707992586902,151.06044791259873,148.72491881394294,2.3355290986557975,2.0068878319774432,-1,0.01548378929447014,-0.01548378929447014
2023-03-21,157.30471801757812,157.42322503802845,154.59869218400178,155.36903302560913,73938300,145.29837890625,,149.30367126464844,3.7875158067119457,156.87870287807235,141.72863965122454,150.45977775448458,2.824532854026671,3.0141512397818544,156.48808023404828,144.43147527492087,152.02110485182632,149.36045949569368,2.6606453561326475,2.1376393368084843,-1,0.011944315745663348,-0.011944315745663348
2023-03-22,155.8726806640625,160.12922799549253,155.85292447362312,157.32445173541882,75701800,145.84903259277343,,149.7441390991211,4.018462222118446,157.781063543358,141.7072146548842,150.97529231730152,4.2763035218694085,3.0901967306846116,157.15568577867074,144.7948988559323,152.61365497678574,149.8428462489062,2.7708087278795404,2.264273215022696,-1,-0.009103588065016543,0.009103588065016543
2023-03-23,156.95904541015625,159.54656410725272,155.72454710395584,156.86029458739586,67622100,146.40997467041015,,150.2147300720215,4.289596118931166,158.79392230988384,141.63553783415915,151.5451735642401,3.822017003296878,3.128220248753519,157.80161406174713,145.28873306673304,153.28217658191966,150.3699721127025,2.9122044692171585,2.3938594658615884,-1,0.006969564784961246,-0.006969564784961246
2023-03-24,158.26268005371094,158.35156031348998,155.89244937558198,156.88991856429575,59196500,146.94255676269532,,150.88333435058593,4.455006101434054,159.79334655345403,141.97332214771782,152.18493608704682,2.459110937908008,3.1785872396504984,158.54211056634782,145.82776160774583,154.04840788527216,150.9546171453698,3.093790739902346,2.5338457206697402,-1,0.008305571941700451,-0.008305571941700451
2023-03-27,156.31710815429688,158.77623413977568,155.91218910395636,157.9565254779494,52390300,147.43780517578125,,151.3949104309082,4.462521236656376,160.31995290422094,142.46986795759545,152.57847628392776,2.8640450358193164,3.2368559495607867,159.05218818304934,146.10476438480617,154.39743869589134,151.35183870158664,3.0455999943046947,2.636196575396731,-1,-0.012293308180764906,0.012293308180764906
2023-03-28,155.69491577148438,156.5245100617194,154.04562789125012,156.0109545619661,45992200,147.89398620605468,,151.90056076049805,4.340465881073976,160.58149252264602,143.2196289983501,152.87528004464744,2.4788821704692907,3.2496952186850465,159.37467048201754,146.37588960727734,154.59705055367488,151.67354811417167,2.92350243950321,2.693657748218027,-1,-0.003980321732911962,0.003980321732911962
2023-03-29,158.7762451171875,159.05277154396305,157.37385679009435,157.39359791374972,51305700,148.38852142333985,,152.66397552490236,4.123975549390214,160.91192662368277,144.41602442612194,153.43727671822268,1.6789147538686962,3.224017451749097,159.88531162172086,146.9892418147245,155.24000356344604,152.19967381809877,3.0403297453472646,2.762992147643875,-1,0.019790815457491506,-0.019790815457491506
2023-03-30,160.34649658203125,160.45513302219786,159.27001781009866,159.5267880006936,49501700,148.92885803222657,,153.47627487182618,3.9445357916420902,161.36534645511037,145.58720328854199,154.095297657633,1.1851152120991912,3.1445149816204436,160.3843276208739,147.80626769439212,156.0256178739976,152.80314217098265,3.2224757030149362,2.8548888587180876,-1,0.009889712807383821,-0.009889712807383821
2023-03-31,162.85501098632812,162.95377687892702,159.90210067407045,160.42552675181378,68749800,149.51818267822264,,154.16117477416992,4.325875631225431,162.81292603662078,145.50942351171906,154.92955606988968,3.0516762048565624,3.110442719761129,161.15044150941193,148.70867063036744,157.07629373743305,153.54772504619342,3.5285686912396272,2.9896248252223954,-1,0.015644335596777692,-0.015644335596777692
2023-04-03,164.1092529296875,164.22775993608965,162.18343872786127,162.23282167038158,56976200,150.08131591796874,,154.7705223083496,4.82360653454972,164.41773537744905,145.12330923925015,155.80381291367996,2.044321208228382,3.0724199526073392,161.94865281889463,149.6589730084653,158.15828745931833,154.33006044497074,3.82822701434759,3.1573452630474343,-1,0.007701586434234242,-0.007701586434234242
2023-04-04,163.57594299316406,164.7709287291007,163.0623875580335,164.53391473562277,46278300,150.56988342285158,,155.46332168579102,5.049774399566804,165.56287048492462,145.36377288665742,156.54401577839275,1.7085411710671963,3.0146455139674813,162.5733068063277,150.5147247504578,158.99177292606382,155.0149406337258,3.976832292338031,3.321242668905554,-1,-0.0032497249667691186,0.0032497249667691186
2023-04-05,161.7291259765625,163.0031364887197,159.7934413430479,162.6969833628771,51511700,150.99350952148438,,156.00106887817384,5.1187410912955595,166.23855106076496,145.76358669558272,157.03783579726607,3.2096951456717875,3.094147222107165,163.2261302414804,150.84954135305173,159.41290416460208,155.51228769615815,3.9006164684439284,3.437117428813229,-1,-0.011290272779773902,0.011290272779773902
2023-04-06,162.6179962158203,162.91427882271006,159.99098020805553,160.41564039126865,45390100,151.44812622070313,,156.69584579467772,5.020903394143163,166.73765258296405,146.6540390063914,157.56927964665218,2.9232986146545272,3.027484791798803,163.62424923024977,151.51431006305458,159.90599524940487,156.0386364753924,3.867358774012473,3.523165697853078,-1,0.005496043052793276,-0.005496043052793276
2023-04-10,160.0205841064453,160.0205841064453,158.09477004106023,159.41814841731897,47716900,151.80937866210937,,157.36395645141602,4.474227331115504,166.31241111364702,148.41550178918502,157.80273721425152,1.925814065385083,2.959340261440046,163.72141773713162,151.88405669137143,159.92362430433417,156.33359555917409,3.590028745160083,3.5365383073144794,-1,-0.015972476416003856,0.015972476416003856
2023-04-11,158.8058319091797,160.34648306196001,158.5194199230912,160.33661250261622,47644200,152.10748504638673,,157.87405090332032,3.9768589424220213,165.82776878816438,149.92033301847627,157.8982700423399,1.827063138868823,2.7820665141955856,163.46240307073109,152.33413701394872,159.75165624354116,156.51672417769302,3.2349320658481417,3.476217059021212,-1,-0.007591224616812942,0.007591224616812942
2023-04-12,158.11453247070312,160.05021717246308,157.79849370413785,159.22063801456596,50133100,152.44954986572264,,158.24489364624023,3.600436705114935,165.4457670564701,151.04402023601037,157.91886646408878,2.251723468325224,2.731699509656413,163.3822654834016,152.45546744477596,159.49979104771992,156.63508034754562,2.8647107001742995,3.3539157872518297,-1,-0.004353111155715683,0.004353111155715683
2023-04-13,163.50680541992188,163.7438344852104,159.41814822842684,159.625550544249,68445600,152.87401947021485,,158.8655990600586,3.3648965055590994,165.5953920711768,152.1358060489404,158.4510511265491,4.32568625678357,2.783548584871684,164.01814829629245,152.88395395680573,160.11625479728946,157.1440970195735,2.9721577777159496,3.2775641853446538,-1,0.03410358848714856,-0.03410358848714856
2023-04-14,163.1611785888672,164.2574136863755,161.7884170766324,162.5488571823505,49386500,153.26909301757811,,159.3277961730957,3.2833008719955386,165.89439791708676,152.76119442910462,158.8996346943889,2.4689966097430727,2.668986808887577,164.23760831216407,153.56166107661375,160.58470461137833,157.58980676544712,2.994897845931206,3.2210309174619645,-1,-0.0021138375871697646,0.0021138375871697646
2023-04-17,163.18089294433594,163.33891231813308,161.99577777997115,163.04262975965267,41516200,153.55826049804688,,159.83295211791992,3.0392273541630215,165.91140682624595,153.75449740959388,159.30737357533624,1.3431345381619337,2.6146685835693644,164.53671074247498,154.0780364081975,160.98411820106412,158.00396129721665,2.9801569038474724,3.172856114739066,-1,0.00012082748874009397,-0.00012082748874009397
2023-04-18,164.40553283691406,165.33387789076258,163.5956947875371,164.04012619342146,49923000,153.79934448242187,,160.28082885742188,3.0189746956486294,166.31877824871913,154.24287946612463,159.7929125526294,1.7381831032254809,2.520352750716455,164.8336180540623,154.75220705119648,161.51048968350258,158.47815178163867,3.0323379018639116,3.1447524721640354,-1,0.007504799553927466,-0.007504799553927466
2023-04-19,165.55116271972656,166.07458878664085,163.48707013576512,163.74385542338587,47720200,154.11796966552734,,160.6931510925293,3.1513484734751445,166.99584803947957,154.390454145579,160.34131733044816,2.5875186508757224,2.508502040558908,165.35832141156598,155.32431324933034,162.1321316890755,159.00207851779334,3.1300531712821567,3.14181261198766,-1,0.006968317081815778,-0.006968317081815778
2023-04-20,164.58331298828125,165.78818457608216,163.50683405035483,164.03026014199096,52456400,154.3596499633789,,161.12868270874023,3.0503806101884523,167.22944392911714,155.02792148836332,160.74531691690845,2.2813505257273334,2.408754390751804,165.56282569841207,155.92780813540483,162.50923650433793,159.41550329338503,3.093733210952905,3.132196731780709,-1,-0.005846227326617215,0.005846227326617215
2023-04-21,162.9735107421875,164.38576938158798,162.45008473615934,163.00313749199609,58337300,154.62297607421874,,161.4294059753418,2.9109633157120056,167.25133260676583,155.6074793439178,160.95752585264933,1.935684645428637,2.314437772858392,165.58640139836612,156.32865030693253,162.58066331016096,159.67905940070372,2.9016039094572363,3.086078167316015,-1,-0.009781078147384048,0.009781078147384048
2023-04-24,163.27967834472656,163.54633418620037,161.85753394961128,162.95376899838274,41949600,154.91313262939454,,161.68025588989258,2.8389887216232537,167.35823333313908,156.00227844664607,161.17868323284716,1.6888002365890884,2.2759222377924457,165.73052770843205,156.62683875726228,162.68820408470953,159.9457719150758,2.74243216963373,3.0173489677795584,-1,0.0018786341482415203,-0.0018786341482415203
2023-04-25,161.739013671875,164.2475072794641,161.69950129216383,163.1414017604714,48714100,155.1651675415039,,161.95135116577148,2.5433869682976242,167.03812510236673,156.86457722917623,161.2320480365641,2.5480059873002574,2.260120285366493,165.7522886072971,156.7118074658311,162.54217479042728,160.07860463780167,2.463570152625607,2.906593204748768,-1,-0.009435740494287415,0.009435740494287415
2023-04-26,161.7291259765625,163.23027992570658,160.78103984940847,161.03781003602157,45498800,155.36090911865233,,162.2530616760254,2.077363507347133,166.40778869071966,158.09833466133114,161.27938879275442,2.4492400762981106,2.258638180657934,165.7966651540703,156.76211243143854,162.417090357525,160.2008654777099,2.2162248798151154,2.7685195397620377,-1,-6.113364418403044e-05,6.113364418403044e-05
2023-04-27,166.32147216796875,166.4696059197472,163.14140369362494,163.14140369362494,64902300,155.66133728027344,,162.63032302856445,2.097749817959671,166.82582266448378,158.43482339264511,161.75958720944152,3.328202226122272,2.3411025542706128,166.44179231798273,157.0773821009003,163.01776448220866,160.6542437510624,2.3635207311462523,2.6875197780388804,-1,0.02839529468595381,-0.02839529468595381
2023-04-28,167.5757293701172,167.74363439949644,165.79806388046575,166.40049965137717,55275900,155.94477783203126,,162.99178466796874,2.2968928896757217,167.58557044732018,158.3979988886173,162.31350551045824,1.9455705190306958,2.379125319617188,167.07175614969262,157.55525487122387,163.7189898495792,161.1669463895109,2.5520434600682904,2.6604245144447622,-1,0.007541162219161679,-0.007541162219161679
2023-05-01,167.48683166503906,168.33616700655767,166.548616072207,167.18067853080987,52472900,156.2584387207031,,163.2233757019043,2.5063359113728794,168.23604752465008,158.21070387915853,162.80620323946596,1.7875509343506621,2.315919056091893,167.43804135164976,158.17436512728216,164.2986578211884,161.63508603955003,2.6635717816383817,2.661053967883486,-1,-0.0005304927235720847,0.0005304927235720847
2023-05-02,166.44985961914062,168.2374257243008,165.46226102978648,167.98064044655123,48425700,156.5742724609375,,163.34040603637695,2.602672435602472,168.5457509075819,158.135061165172,163.1532181327683,2.7751646945143307,2.3524612304061905,167.85814059358069,158.44829567195592,164.6296119439503,161.9917359343345,2.6378760096157805,2.656418376229945,-1,-0.006191364632010643,0.006191364632010643
2023-05-03,165.37338256835938,168.80035091617836,165.08698560494395,167.39796271242133,65136000,156.94896728515624,,163.4302780151367,2.6419704449132575,168.71421890496322,158.1463371253102,163.36466236472936,3.713365311234412,2.452702437414551,168.27006723955844,158.45925748990027,164.74403819385938,162.24222827759561,2.501809916263767,2.625496684236709,-1,-0.006467275209750101,0.006467275209750101
2023-05-04,163.7339630126953,164.96846124572582,162.27232132426357,162.84513031273676,81235400,157.28238006591798,,163.53051986694337,2.6118906899271295,168.75430124679764,158.3067384870891,163.39983385501185,2.6961399214622475,2.4270246762040744,168.25388320742,158.5457845026037,164.58864201214183,162.35272714686226,2.235914865279568,2.5475803204452814,-1,-0.009913442720967391,0.009913442720967391
2023-05-05,171.41751098632812,172.13845380689077,168.64234602308835,168.85961893934999,113453200,157.75978576660157,,163.97049560546876,3.1382013205690757,170.24689824660692,157.6940929643306,164.16342215323243,3.4961077838024153,2.4556651346614684,169.07475242255538,159.2520918839095,165.63923723893973,163.02419261645232,2.615044622487403,2.5610731808537057,-1,0.046927026209199196,-0.046927026209199196
2023-05-08,171.34835815429688,171.69402369424722,169.9755966946327,170.34100335662225,55962800,158.28894104003905,,164.53688430786133,3.3991715301427914,171.33522736814692,157.73854124757574,164.8477017723814,1.7184269996145076,2.44529578137294,169.73829333512728,159.95711020963554,166.51756353361006,163.64079747110748,2.8767660625025826,2.624211757183481,-1,-0.00040341754837847077,0.00040341754837847077
2023-05-09,169.63983154296875,171.38787037771158,169.4719415736773,170.90395666315388,45326900,158.7600259399414,,165.07858428955078,3.299595718616556,171.6777757267839,158.47939285231766,165.30409508386595,1.9159288040342801,2.4497390646312125,170.20357321312838,160.4046169546035,166.9979124581268,164.0851703653194,2.9127420928073775,2.68191782430826,-1,-0.009971070804131177,0.009971070804131177
2023-05-10,171.40762329101562,171.87179587293446,169.76820587698572,170.87432663815136,53724500,159.27654022216797,,165.7432388305664,3.1588031543321446,172.0608451392307,159.42563252190212,165.88538348454685,2.103589995948738,2.442332391012388,170.77004826657162,161.00071870252208,167.67632950934046,164.62757428574136,3.048755223599102,2.7552853041664287,-1,0.010420853003494601,-0.010420853003494601
2023-05-11,171.59524536132812,172.42482451357537,170.03483786854437,171.6940112425966,49514700,159.8382861328125,,166.1476608276367,3.3682410917436556,172.88414301112402,159.4111786441494,166.4291798537641,2.3899866450310014,2.34554741042476,171.12027467461363,161.7380850329146,168.27923964041548,165.14369806911816,3.135541571297324,2.831336557592608,-1,0.0010945958336634476,-0.0010945958336634476
2023-05-12,170.66561889648438,172.13916641173466,169.11293731632776,171.70401959715826,45533100,160.3695883178711,,166.52288284301758,3.4353652278289566,173.3936132986755,159.65215238735968,166.8326502387851,3.0262290954069044,2.3734090347079517,171.579468308201,162.0858321693692,168.6463749105799,165.55272924151564,3.093645669064273,2.883798379886941,-1,-0.005417553749150983,0.005417553749150983
2023-05-15,170.17112731933594,171.29854623618587,169.57774258819362,171.2490949935239,37266700,160.78987060546876,,166.87239456176758,3.433048155856582,173.73849087348074,160.0062982500544,167.1506004369328,1.7208036479922555,2.3922924901994675,171.93518541733172,162.36601545653386,168.8809522042347,165.89483280283565,2.986119401399037,2.90426258418936,-1,-0.002897429372979765,0.002897429372979765
2023-05-16,170.17112731933594,171.229311478379,169.90410268128184,170.0920083491569,42110300,161.1548471069336,,167.16067428588866,3.4569891084104096,174.07465250270948,160.24669606906784,167.43826966382835,1.3252087970971616,2.3716437748930517,172.18155721361444,162.69498211404226,169.07944068348104,166.21159535961343,2.8678453238676127,2.896979132125011,-1,0.0,-0.0
2023-05-17,170.78428649902344,171.0216283275313,168.5393327985131,169.81510548834717,57951600,161.57613372802734,,167.4223304748535,3.52610907511675,174.474548625087,160.37011232462,167.75693793384693,2.482295529018188,2.366382618800175,172.48970317144727,163.02417269624658,169.34172465510295,166.55031322179195,2.791411433310998,2.8758655923622083,-1,0.0036031916186161084,-0.0036031916186161084
2023-05-18,173.1182403564453,173.3061460276606,170.67549681144826,171.0908600944711,65496700,162.01901489257813,,167.8490768432617,3.677646407074941,175.2043696574116,160.49378402911182,168.2675381645706,2.6306492162123334,2.3838475533244248,173.03523327121945,163.49984305792174,169.9227270706941,167.0368263428774,2.885900727816704,2.8778726194531075,-1,0.013666092503394456,-0.013666092503394456
2023-05-19,173.22705078125,174.44347306887536,173.00947735219142,174.44347306887536,55809500,162.5091067504883,,168.36175384521485,3.676892878211861,175.71553960163857,161.00796808879113,168.73987269949242,1.4339957166839383,2.35876310688719,173.45739891326681,164.02234648571803,170.4310845646258,167.49536148646055,2.935723078165239,2.889442711195534,-1,0.0006285324098758149,-0.0006285324098758149
2023-05-22,172.2776336669922,172.78201528070161,171.5359102025042,172.06006024351018,43570900,163.02149200439453,,168.81165161132813,3.5713018922480955,175.95425539582433,161.66904782683193,169.0768023154448,1.2461050781974166,2.3366283489676065,173.75005901338002,164.4035456175096,170.71516904191293,167.84960387020362,2.8655651717093065,2.8846672032982887,-1,-0.005480767062511105,0.005480767062511105
2023-05-23,169.66677856445312,171.46670153051892,169.38986966050507,171.2194603598222,50747300,163.44274871826173,,169.20803985595703,3.1614146465391304,175.53086914903528,162.88521056287877,169.1329905296361,2.076831870013848,2.3130696431032858,173.75912981584267,164.5068512434295,170.5538781992268,167.984209403111,2.569668796115792,2.8216675218617895,-1,-0.01515492781602612,0.01515492781602612
2023-05-24,169.94366455078125,170.51726580029353,168.6382391925545,169.20194113871563,45143500,163.82766845703125,,169.61876678466797,2.6270793013550935,174.87292538737816,164.36460818195778,169.21019757926896,1.8790266077390356,2.284558969675332,173.77931551861963,164.6410796399183,170.45999917638903,168.12935422886434,2.3306449475246893,2.7234630069943697,-1,0.0016319399040334304,-0.0016319399040334304
2023-05-25,171.0810089111328,171.98095531956056,169.79535178285977,170.50740757419857,56058300,164.22743469238281,,169.85674362182618,2.526311105182263,174.9093658321907,164.80412141146167,169.3883700870655,2.185603536700796,2.2274290352042585,173.84322815747402,164.933512016657,170.55553913558037,168.34799531643978,2.2075438191405965,2.620279169423615,-1,0.006692478730277784,-0.006692478730277784
2023-05-26,173.49404907226562,173.83030849826073,171.19965909306288,171.40734829469508,54835000,164.61897094726564,,170.15265960693358,2.5908578920751357,175.33437539108385,164.9709438227833,169.77938713327507,2.6306494051978575,2.2616829795126163,174.3027530923003,165.25602117424984,171.0076175873781,168.729184483538,2.2784331038400865,2.55190995630691,-1,0.014104664079846785,-0.014104664079846785
2023-05-30,175.34341430664062,177.01476677794446,174.6214744245607,175.00716998790764,55964400,165.0642837524414,,170.54548873901368,2.755753301522217,176.05699534205812,165.03398213596924,170.3092944831194,2.393292353383771,2.291970050464272,174.89323458404795,165.72535438219086,171.6746632364954,169.21912743339746,2.455535803097945,2.532635125665117,-1,0.01065953123040364,-0.01065953123040364
2023-05-31,175.2939910888672,177.37082297149757,174.80939295881248,175.3731100748192,99625300,165.46120361328124,,170.9876953125,2.773488327231357,176.53467196696272,165.44071865803727,170.78402749319062,2.5614300126850935,2.28128331637281,175.34659412593624,166.221460860445,172.2314829060911,169.66911733380263,2.5623655722884564,2.538581214989785,-1,-0.0002818652640527164,0.0002818652640527164
2023-06-01,178.10263061523438,178.13229834590607,174.97749886766357,175.73900583250884,68901800,165.87716186523437,,171.62415771484376,2.875967768518754,177.37609325188126,165.87222217780626,171.48103731433764,3.154799478242495,2.253355024723214,175.98774736378408,166.9743272648912,173.13473639980546,170.2938220213161,2.840914378489373,2.599047847689703,-1,0.016022451818917816,-0.016022451818917816
2023-06-02,178.95314025878906,179.77398268262323,177.2817876805341,179.03225923715402,61996900,166.3387710571289,,172.38511657714844,2.68553891871631,177.75619441458105,167.01403873971583,172.19266616619015,2.492195002089119,2.243157778754558,176.67898172369928,167.70635060868102,174.0298754550337,170.93525300186965,3.0946224531640496,2.698162768784573,-1,0.004775390686913017,-0.004775390686913017
2023-06-05,177.59825134277344,182.908986017055,176.0752375225132,180.61459616435278,121946500,166.75155517578125,,172.69415359497071,2.9142183418213445,178.5225902786134,166.86571691132804,172.70748380205524,6.8337484945418225,2.4100398142915282,177.52756343063828,167.8874041734722,174.5788563608398,171.4288084345292,3.150047926310606,2.7885398002897794,-1,-0.007571193855868019,0.007571193855868019
2023-06-06,177.23236083984375,178.1323071989488,175.47198988688834,177.98396853821802,64848400,167.1309487915039,,172.98835372924805,3.064343216154539,179.11704016155713,166.85966729693897,173.13842447232082,2.660317312060471,2.4571343299138264,178.05269313214848,168.22415581249317,174.98708781914812,171.85870120529324,3.1283866138548717,2.856509163002798,-1,-0.002060214558213702,0.002060214558213702
2023-06-07,175.8577117919922,179.2103015517758,175.36322943750844,176.4708650826228,61944600,167.5217608642578,,173.29924774169922,3.021861579453135,179.34297090060548,167.25552458279296,173.39740421705142,3.8470721142673767,2.5536914954254812,178.50478720790238,168.29002122620045,175.12102996881643,172.15492421171538,2.9661057571010474,2.8784284818224477,-1,-0.007756196675017812,0.007756196675017812
2023-06-08,178.57736206054688,178.8443716628685,175.50168125821915,175.93681304769265,50214900,167.97940979003906,,173.6577346801758,3.2053515342262076,180.0684377486282,167.24703161172337,173.89073353547954,3.342690404649346,2.6156465158605116,179.12202656720058,168.6594405037585,175.65277336754417,172.63066034866586,3.022113018878315,2.9071653892336213,-1,0.01546506116132984,-0.01546506116132984
2023-06-09,178.96302795410156,180.21900204187077,178.6366678484163,179.4970621604222,48900000,168.38314544677735,,174.02612380981446,3.3747464171139288,180.77561664404232,167.2766309755866,174.37380919439593,1.5823341934544715,2.575263893281685,179.5243369809593,169.22328140783256,176.16204330393762,173.09972461573517,3.0623186882024527,2.9381960490273875,-1,0.002159657243810731,-0.002159657243810731
2023-06-12,181.7617950439453,181.86069753893617,178.97292275194738,179.26961514651788,54274900,168.81145141601561,,174.5809326171875,3.6905335096555034,181.96199963649852,167.19986559787648,175.077426894353,2.8877747869887855,2.568341177860779,180.21410925007456,169.94074453863146,177.0235435716311,173.74135946226926,3.2821841093618502,3.0069936610942802,-1,0.015638800493259053,-0.015638800493259053
2023-06-13,181.28707885742188,182.11780541012092,180.42668457715504,180.782712398369,54929100,169.1800927734375,,175.1367301940918,3.82600870657186,182.7887476072355,167.4847127809481,175.66882231940718,1.6911208329658791,2.56685703710946,180.8025363936261,170.53510824518827,177.67947207713738,174.30030163968797,3.379170437449403,3.081429016365305,-1,-0.0026117490004358146,0.0026117490004358146
2023-06-14,181.92002868652344,182.35517550952275,180.01133431975106,181.34642742806082,57462900,169.53630828857422,,175.72417526245118,3.9241667046605166,183.57250867177223,167.87584185313014,176.26417530675158,2.3438411897716946,2.617788656743187,181.49975262023796,171.0285979932652,178.3318654016583,174.86472586537948,3.4671395362788076,3.1585711203480056,-1,0.003491422737300409,-0.003491422737300409
2023-06-15,183.95729064941406,184.46167222814515,181.75190392659053,181.92992539273135,65433200,169.94393524169922,,176.3828254699707,4.150382913571469,184.68359129711362,168.08205964282777,176.99685295843372,2.709768301554618,2.6291622953700085,182.25517754917374,171.7385283676937,179.19731543977457,175.5382491827154,3.6590662570591803,3.258670147690241,-1,0.011198667775064841,-0.011198667775064841
2023-06-16,182.8793182373047,184.9264820484004,182.2364973319158,184.669341613924,101256200,170.36693908691407,,176.87087936401366,4.316863252645716,185.5046058693051,168.23715285872223,177.55708774689762,2.689984716484588,2.632129070383621,182.82134588766488,172.29282960613037,179.76377740862534,176.08203207564793,3.681745332977414,3.3432851847476757,-1,-0.005859905896112405,0.005859905896112405
2023-06-20,182.96835327148438,184.0463362605814,182.37498350716317,182.37498350716317,49799100,170.77394622802734,,177.3579444885254,4.432107204077186,186.22215889667976,168.49373008037102,178.07244636828685,1.6713527534182333,2.643996922220336,183.36044021272753,172.78445252384617,180.25678907983442,176.59212994200618,3.664659137828238,3.4075599753637884,-1,0.0004868513019287146,-0.0004868513019287146
2023-06-21,181.92996215820312,183.36395802847684,180.57507018842057,182.85957634781735,49515700,171.2121337890625,,177.84056091308594,4.374948579328323,186.59045807174257,169.0906637544293,178.43982882446934,2.788887840056276,2.721136060313279,183.8821009450959,172.99755670384278,180.51420032266037,176.98752492098373,3.5266754016766413,3.4313830606263593,-1,-0.005675249816237349,0.005675249816237349
2023-06-22,184.9364013671875,184.98585262092797,181.64314706140462,181.71238183472207,51245300,171.73474517822265,,178.60404205322266,4.2024146643011004,187.00887138182486,170.19921272462045,179.05855001901392,3.3427055595233526,2.784429744788754,184.62740950859143,173.48969052943642,181.19453894489533,177.57633058366548,3.618208361229847,3.468748120747057,-1,0.01652525605633892,-0.01652525605633892
2023-06-23,184.619873046875,185.49016657654983,182.96830425516916,183.50235349943313,53117000,172.2648519897461,,179.33785247802734,3.879528053719128,187.0969085854656,171.5787963705891,179.5881998311912,2.5218623213806666,2.816571530470836,185.22134289213287,173.9550567702495,181.72151342212297,178.09807446982916,3.62343895229381,3.4996862870564076,-1,-0.0017115522848529796,0.0017115522848529796
2023-06-26,183.22547912597656,185.97479955864205,183.18591209060443,184.76826151663462,48088700,172.6592254638672,,179.94507598876953,3.4452697388707905,186.83561546651111,173.05453651102795,179.9346073830755,2.788887468037615,2.8467357270376765,185.62807883715087,174.24113592900014,181.95289276117737,178.47788222213637,3.475010539040994,3.494751137453325,-1,-0.007552783445714972,0.007552783445714972
2023-06-27,185.9846954345703,186.31105559004374,183.62107045135676,183.83864388833905,50730800,173.11569580078125,,180.56960830688476,3.344974473533529,187.2595572539518,173.8796593598177,180.51080624512264,2.6899851386869784,2.8497025137121326,186.2102112725469,174.81140121769837,182.5731700955455,179.03394246009444,3.5392276354510557,3.5036464370528715,-1,0.015059129995215637,-0.015059129995215637
2023-06-28,187.16156005859375,187.80438104509085,185.52977442185306,185.8561194768788,51216800,173.5953091430664,,181.16051559448243,3.4162577714678806,187.9930311374182,174.32800005154667,181.14421137021515,2.274606623237787,2.8437682272048335,186.8317478246248,175.45667491580548,183.27907624370675,179.63598820813144,3.6430880355753175,3.531534756757361,-1,0.006327749825186357,-0.006327749825186357
2023-06-29,187.497802734375,187.97251662731944,186.85498175364998,186.99343619982474,46347300,174.05715454101562,,181.7707061767578,3.403125294611694,188.5769567659812,174.96445558753442,181.74931530965895,1.117534873669456,2.7715734702540518,187.29246225016706,176.20616836915084,183.92811108842494,180.21834483970505,3.7097662487198875,3.5671810551498666,-1,0.0017965370435895078,-0.0017965370435895078
2023-06-30,191.82945251464844,192.33381899614628,189.1493519786864,189.51527911897426,85213200,174.58272033691406,,182.45704727172853,3.9626299828440983,190.3823072374167,174.53178730604034,182.7093283768008,3.184467017459866,2.77305684721492,188.25544207123065,177.16321468237098,185.1437020770747,181.07842688970084,4.065275187373857,3.666799881594665,-1,0.023102402892742235,-0.023102402892742235
2023-07-03,190.33615112304688,191.7404791738125,189.64386376682972,191.6415766685233,31458200,175.09777709960937,,183.0261978149414,4.240596765138196,191.5073913452178,174.54500428466503,183.43569244787187,2.096615406982778,2.753277867459603,188.94224818279108,177.92913671295267,185.94254039183966,181.76418424031908,4.178356151520575,3.769111135579847,-1,-0.007784526161265681,0.007784526161265681
2023-07-05,189.21861267089844,190.85039834497115,188.51644111338388,189.45596962493224,46920300,175.6226791381836,,183.60721588134766,4.253805210070648,192.11482630148896,175.09960546120635,183.98644675482677,2.333957231587277,2.528288304311876,189.04302336345052,178.92987014620303,186.44655151169485,182.3163641240657,4.1301873876291495,3.8413263859897078,-1,-0.005871393561100113,0.005871393561100113
2023-07-06,189.69329833984375,189.90098754652763,187.1121001189567,187.74503686210437,45094300,176.15095153808593,,184.23026275634766,4.182923878302192,192.59611051295204,175.86441499974327,184.5299564295903,2.788887427570927,2.5347168100873985,189.5993900497651,179.4605228094155,186.94605102371776,182.8628036956048,4.083247328112947,3.8897105744143556,-1,0.002508662664020944,-0.002508662664020944
2023-07-07,188.57574462890625,190.5437894270152,188.140612922507,189.29769958287028,46815000,176.68768615722655,,184.86616439819335,3.7915166827350726,192.4491977636635,177.2831310327232,184.9152695914299,2.403176504508224,2.462522029599441,189.8403136506288,179.99022553223102,187.19677311682366,183.28598450547898,3.9107886113446853,3.8939261818004214,-1,-0.005891371602044448,0.005891371602044448
2023-07-10,186.5286102294922,187.89338618022617,184.97592859390042,187.17143117099337,59922200,177.18367584228517,,185.26372680664062,3.503306335160346,192.2703394769613,178.25711413631993,185.06892108076917,2.917457586325753,2.4412603886832613,189.9514418581357,180.18640030340265,187.09397882646496,183.52617900355403,3.567799822910928,3.828700910022523,-1,-0.010855767285673834,0.010855767285673834
2023-07-11,186.0044403076172,187.21097817460068,184.5407771096242,187.07252375168784,46638100,177.57733520507813,,185.6157974243164,3.1752391235692268,191.96627567145487,179.26531917717796,185.1580181499928,2.6702010649764816,2.495653732259362,190.14932561451153,180.1667106854741,186.926357515873,183.70975391496611,3.2166036009068932,3.7062814481993973,-1,-0.002810131492590351,0.002810131492590351
2023-07-12,187.67579650878906,189.5844907414315,186.3901396467477,187.58677823550266,60750200,177.97933654785157,,185.9114974975586,3.0711065857428017,192.0537106690442,179.769284326073,185.39780656511624,3.194351094683782,2.5109825476441117,190.41977166040448,180.375841469828,187.04165582247546,184.00353484784188,3.0381209746335855,3.572649353486235,-1,0.008985571518657087,-0.008985571518657087
2023-07-13,188.4373016357422,189.0801376574393,187.6856939986458,188.39774969290625,41342300,178.39834594726562,,186.2690086364746,2.916742704267949,192.1024940450105,180.43552322793872,185.68728228612824,1.3944436587935058,2.496148688935493,190.67957966399922,180.69498490825725,187.25637056297802,184.33196201731596,2.924408545662061,3.4430011919214003,-1,0.004057556387764949,-0.004057556387764949
2023-07-14,188.5856475830078,189.07023054213465,187.53734760154848,188.13071726198152,41616200,178.84106170654297,,186.60228958129883,2.770825809782366,192.14394120086357,181.0606379617341,185.96331707630725,1.5328829405861768,2.455600776476217,190.87451862925968,181.05211552335481,187.46087471990566,184.64704983699684,2.8138248829088184,3.3171659301188843,-1,0.0007872430032582756,-0.0007872430032582756
2023-07-17,191.84925842285156,192.17561856911308,189.6933076328095,189.78231082986184,50520200,179.3705792236328,,186.99688796997071,2.9316112203887275,192.86011041074818,181.13366552919325,186.52388291883528,2.482310936303577,2.444227908213665,191.4123387352626,181.63542710240796,188.13601067420504,185.1805467692824,2.9554639049226523,3.244825525079638,-1,0.017305722262916268,-0.017305722262916268
2023-07-18,191.59210205078125,192.18548682934457,190.2965608776665,191.21630577539946,48288200,179.92774200439453,,187.43252716064453,2.934894640436254,193.30231644151704,181.56273787977202,187.0065704552111,1.8889259516780612,2.404174969973339,191.81492039515777,182.1982205152644,188.66771703983216,185.65547679013414,3.01224024969801,3.1983084700033126,-1,-0.0013404084758228407,0.0013404084758228407
2023-07-19,192.94699096679688,196.04243976648678,190.5240157315845,190.9690618542327,80507300,180.3583316040039,,187.93145904541015,2.983818875047974,193.8990967955061,181.9638212953142,187.57232478964784,5.518424034902267,2.5965285340475406,192.7653818577429,182.37926772155276,189.3260668747498,186.19558895136842,3.1304779233813917,3.1847423606789285,-1,0.00707173678618811,-0.00707173678618811
2023-07-20,190.9987335205078,194.3018715848771,190.3756810082794,192.9370956401489,59581200,180.75133911132812,,188.3848976135254,2.6993020893332917,193.78350179219197,182.98629343485882,187.8986494306821,3.9261905765976906,2.6533936708746113,193.2054367724313,182.59186208893288,189.58340020486642,186.55137743797133,3.0320227668950963,3.1541984419221625,-1,-0.010097371493211438,0.010097371493211438
2023-07-21,189.8218536376953,192.81841494586592,189.1196821840786,191.95802063670834,71951700,181.15497955322266,,188.6291702270508,2.5896325453636395,193.80843531777808,183.4499051363235,188.08181173611194,3.698732761787312,2.671195030987809,193.42420179808755,182.73942167413634,189.62008534837855,186.79363493424717,2.8264504141313864,3.0886488363640074,-1,-0.006161715636120335,0.006161715636120335
2023-07-24,190.6229248046875,192.759091941705,190.1284425094743,191.27564505606543,45377800,181.53928558349608,,188.9293228149414,2.4442897967201986,193.8179024083818,184.040743221501,188.3238225045477,2.6306494322307117,2.6766343865303113,193.67709127760833,182.9705537314871,189.77436834165687,187.07728603576126,2.6970823058956057,3.010335530270327,-1,0.00422012087460244,-0.00422012087460244
2023-07-25,191.48330688476562,192.29426504028103,190.7910347339605,191.19651381171818,37283200,181.93704681396486,,189.34221420288085,2.1038300340687033,193.54987427101827,185.13455413474344,188.62472577885418,1.503230306320546,2.612351528444458,193.8494288357431,183.40002272196526,190.0372819636736,187.40365795050232,2.6336240131712714,2.934993226850516,-1,0.004513528899840802,-0.004513528899840802
2023-07-26,192.35362243652344,193.4810415222525,191.18665140498055,191.53277997466063,47471900,182.3708068847656,,189.66066055297853,2.050204112367769,193.76106877771406,185.560252328243,188.9798587938703,2.294390117271945,2.5925717773737063,194.16500234861772,183.7947152391229,190.39364203641972,187.7703219865039,2.623320049915833,2.87265859146358,-1,0.004545124929775657,-0.004545124929775657
2023-07-27,191.08773803710938,195.02381285425056,190.42513357699178,193.85684188907683,47460200,182.7891390991211,,189.8569694519043,1.9852575642755874,193.82748458045546,185.88645432335312,189.1806091979883,4.598679277258782,2.708775410074756,194.5981600181378,183.7630583778388,190.50042603652582,188.01605650877096,2.4843695277548647,2.795000778721837,-1,-0.006581027086359104,0.006581027086359104
2023-07-28,193.66893005371094,194.46010471349214,191.9975775461535,192.52172755154825,48291400,183.2590951538086,,190.1655258178711,2.076750241461679,194.31902630079446,186.01202533494774,189.60806832710475,2.462527167338635,2.7760250247582148,195.16011837662117,184.05601827758832,190.98788819301583,188.4347878824702,2.5531003105456307,2.746620685086596,-1,0.013507889324119171,-0.013507889324119171
2023-07-31,194.2821044921875,194.3216715292241,193.10523413200033,193.89640887829788,38824100,183.72905151367186,,190.28815841674805,2.2457179438849963,194.77959430451804,185.79672252897805,190.05321462854118,1.216437397223757,2.6776235437464093,195.408461716034,184.69796754104837,191.4946907005807,188.867922446153,2.6267682544277022,2.7226501989548173,-1,0.0031660960707868835,-0.0031660960707868835
2023-08-01,193.4513702392578,194.55900578654655,193.12501010327395,194.074422779809,35175100,184.13571411132813,,190.44391937255858,2.354615946037663,195.15315126463392,185.73468748048325,190.3768484962285,1.4339956832725989,2.6444925575609006,195.66583361135028,185.0878633811067,191.79571832191564,189.20743709749408,2.5882812244215643,2.695776404048167,-1,-0.004275917512325922,0.004275917512325922
2023-08-02,190.4547882080078,193.02608689409655,189.73284833699685,192.887632465541,50389300,184.4802688598633,,190.50572814941407,2.3369170416765304,195.17956223276713,185.831894066061,190.38427132592176,3.2932385570996985,2.6924566238365215,195.7691845735948,184.99935807824872,191.58942138131442,189.29983347605065,2.2895879052637724,2.614538704291288,-1,-0.015490104968209129,0.015490104968209129
2023-08-03,189.0603485107422,190.2471029357017,188.58564975883863,189.4559433793295,61235200,184.81592315673828,,190.47408065795898,2.3527306952603664,195.1795420484797,185.76861926743825,190.2581834387618,1.6614531768630627,2.636084911301128,195.53035326136404,184.98601361615954,191.20033324738023,189.28209384899077,1.91823939838946,2.4752788431109227,-1,-0.007321631083082369,0.007321631083082369
2023-08-04,179.9816436767578,185.31216139907355,179.91240892263954,183.47268693901358,115956800,185.02222045898438,,190.04437561035155,3.3084112766233034,196.66119816359816,183.42755305710494,189.27946536618998,5.399752476434003,2.785913709897417,194.8512927859848,183.70763794639515,189.474381005746,188.59317161401054,0.8812093917354673,2.1564649528358317,-1,-0.04802014227466911,0.04802014227466911
2023-08-07,176.8763427734375,181.10911048560996,175.39289572224425,180.12014578481444,97576100,185.1608740234375,,189.56176223754883,4.3790427189843735,198.3198476755176,180.80367679958007,188.09821559545165,5.716214763365713,2.9258515687494153,193.9499187329505,182.2465124579528,187.53622127769856,187.7252583665607,-0.18903708886213622,1.6873645444962382,-1,-0.017253431182667422,0.017253431182667422
2023-08-08,177.81585693359375,178.28067155206236,175.62035408179838,177.7070702124542,67823000,185.2955709838867,,189.15233306884767,5.0591417764580005,199.27061662176368,179.03404951593166,187.1189433419414,2.6603174702639762,2.92535738901379,192.96965811996898,181.2682285639138,186.04078060937474,186.99122863078537,-0.9504480214106366,1.1598020313148631,-1,0.0053117005102241155,-0.0053117005102241155
2023-08-09,176.2236328125,178.93338659417532,175.0566465499237,178.87405112310282,60378500,185.3501626586914,,188.5797248840332,5.825158331756949,200.2300415475471,176.9294082205193,186.08129472008983,3.876740044251619,2.9594768364921817,192.0002483930742,180.16234104710546,184.5304501790863,186.193628940542,-1.663178761455697,0.5952058727607512,-1,-0.00895434270346529,0.00895434270346529
2023-08-10,176.0060272216797,178.7553475423464,175.64011515660735,177.49935830249015,54686900,185.36341491699218,,187.9581611633301,6.4688227252171915,200.89580661376448,175.0205157128957,185.12174543452696,3.1152323857390627,3.0455162728394596,191.21277798020589,179.03071288884803,183.21900049333144,185.43899177618184,-2.219991282850401,0.032166441638520726,-1,-0.0012348263813846128,0.0012348263813846128
2023-08-11,176.0654296875,176.88738049769475,174.8374673630278,175.60000259117115,52036700,185.37884368896485,,187.3321502685547,6.989741398338173,201.31163306523104,173.35266747187836,184.25923917290532,2.0499131346669515,3.0713677825434984,190.40197473799233,178.11650360781832,182.11845113858814,184.74465384368688,-2.626202705098734,-0.4995073877089302,-1,0.0003375024523761816,-0.0003375024523761816
2023-08-14,177.71926879882812,177.94703359876078,175.59011444303226,176.24371615843643,43675600,185.37117645263672,,186.62565078735352,7.219467851914999,201.06458649118352,172.18671508352352,183.63638485156463,2.3569191557285194,3.0650981935147454,189.7665812385941,177.50618846453514,181.44165385554814,184.2242549514751,-2.782601095926964,-0.9561261293525369,-1,0.009393321075372496,-0.009393321075372496
2023-08-15,175.72874450683594,177.73905244130324,175.3326305229056,177.1448814654077,43622600,185.30668853759767,,185.83248291015624,7.510652883309964,200.85378867677616,170.81117714353633,182.88327624730476,2.4064219183976547,3.0909729918507254,189.0652222310062,176.70133026360332,180.56274472497702,183.5949578815018,-3.03221315652479,-1.3713435347869876,-1,-0.011200385334948604,0.011200385334948604
2023-08-16,174.85726928710938,176.80814628515878,174.78794103749047,175.41183484094861,46964900,185.25186889648438,,184.92799682617186,7.69574528930366,200.31948740477918,169.53650624756455,182.11889463204807,2.020205247668315,2.9160620524890275,187.95101873702612,176.28677052707002,179.68497927299737,182.9477216893246,-3.262742416327228,-1.7496233110950357,-1,-0.0049592069992434595,0.0049592069992434595
2023-08-17,172.3122100830078,175.78815784652573,171.79724982185638,175.42175166053434,66062900,185.15346588134764,,183.99367065429686,8.046281713434214,200.0862340811653,167.90110722742844,181.1849246749966,3.990908024669352,2.9192979248926108,187.02352052478182,175.3463288252114,178.55070708992204,182.15990601478262,-3.6091989248605785,-2.1215384338481442,-1,-0.01455506662363959,0.01455506662363959
2023-08-18,172.79745483398438,173.40153844678508,170.29199700813362,170.62869538621166,61172200,185.0922607421875,,183.14245071411133,8.293962175813316,199.73037506573797,166.5545263624847,180.38611802347165,3.109541438651462,2.889838358735818,186.16579474094328,174.60644130600002,177.6655913582393,181.46639111250127,-3.800799754261959,-2.4573906979309075,-1,0.002816078737210903,-0.002816078737210903
2023-08-21,174.1343536376953,174.4215491084137,172.05473264129324,173.37183349440417,46311900,185.00340057373046,,182.31802215576172,8.330669507006903,198.97936116977553,165.65668314174792,179.79071189149295,2.366816467120458,2.8766467104803057,185.54400531245355,174.03741847053234,177.12232401661717,180.9232772254786,-3.8009532088614435,-2.7261032001170147,-1,0.007736796846894434,-0.007736796846894434
2023-08-22,175.5108642578125,175.95649623435884,174.54037449165708,175.34251507159627,42038900,184.93435729980467,,181.51940002441407,8.169841983187629,197.85908399078932,165.17971605803882,179.38310735495196,1.4161217427017618,2.8722912822993663,185.1276899195507,173.63852479035322,176.8744071306472,180.52235774639223,-3.6479506157450317,-2.9104726832426184,-1,0.007904876845732378,-0.007904876845732378
2023-08-23,179.36312866210938,179.78896551377315,176.60019834939993,176.78835776449938,52722800,184.88638397216798,,180.86987533569337,7.769750815832726,196.4093769673588,165.33037370402792,179.3812046223003,3.1887671643732176,2.91701013465443,185.21522489160915,173.54718435299142,177.25728736625675,180.43648892533423,-3.179201559077484,-2.964218458409592,-1,0.021948865790086813,-0.021948865790086813
2023-08-24,174.66912841796875,179.3433458832632,174.30270712253693,178.91750900229638,54945800,184.7540249633789,,180.04894485473633,7.495884955739396,195.04071476621513,165.05717494325754,178.932435459983,5.040638760726267,2.939108108827804,184.81065167763862,173.05421924232738,176.85910906652015,180.00927703589974,-3.150167969379595,-3.001408360603593,-1,-0.026170374475254277,0.026170374475254277
2023-08-25,176.8775177001953,177.4122731545347,174.1145868163421,175.6594526964133,51449600,184.65317474365236,,179.20937423706056,6.797963747208666,192.8053017314779,165.61344674264322,178.7367290066699,3.297686338192591,2.980866067370502,184.6984611414109,172.7749968719289,176.86194116400864,179.7772948628846,-2.915353698875947,-2.9841974282580637,-1,0.012643271894859698,-0.012643271894859698
2023-08-28,178.44216918945312,178.83828316683332,176.8180777049469,178.34313313971825,43820700,184.54287231445312,,178.41737747192383,5.798775459573171,190.01492839107016,166.8198265527775,178.70867569074449,2.020205461886434,3.021054470603636,184.75078463195175,172.66656674953722,177.1050531679232,179.67839666485264,-2.5733434969294535,-2.9020266419923417,-1,0.008845960241876893,-0.008845960241876893
2023-08-29,182.33404541015625,183.10647826164347,177.7588638881504,177.95692088146865,53003900,184.53196685791016,,177.86151123046875,4.712970587547948,187.28745240556464,168.43557005537286,179.05394899735512,5.347614373493087,3.2167354051146604,185.48741980758444,172.6204781871258,177.9095135128821,179.87511138672699,-1.965597873844871,-2.7147408883628477,-1,0.02181029427282466,-0.02181029427282466
2023-08-30,185.82980346679688,186.027875570887,182.9480417259573,183.14609871926743,60813900,184.5891958618164,,177.6302619934082,4.141340206162847,185.9129424057339,169.3475815810825,179.69926847063527,3.079833844929709,3.206065169506161,186.1113988096476,173.28713813162295,179.12801965963823,180.31619968895438,-1.1881800293161575,-2.4094287165535095,-1,0.019172272785244138,-0.019172272785244138
2023-08-31,186.0476531982422,187.28552817850573,185.6614368088311,186.01794540757814,60794500,184.67154968261718,,177.4796272277832,3.7389490193003594,184.95752526638393,170.00172918918247,180.30387653993117,1.6240913696746304,3.204197079146739,186.71227069822464,173.8954823816377,180.1925786655773,180.7407518007535,-0.5481731351761994,-2.0371776002780475,-1,0.0011723078181280489,-0.0011723078181280489
2023-09-01,187.6222686767578,188.07779827305947,186.45370666949987,187.65197647170007,45766500,184.7252670288086,,177.8616584777832,4.348679093711611,186.55901666520643,169.16430029036,181.00086626724797,1.6240916035596058,3.0154140355030195,187.031694338254,174.97003819624194,181.3356078980666,181.25049379156863,0.08511410649796858,-1.6127192589228443,-1,0.008463506265450116,-0.008463506265450116
2023-09-05,187.85992431640625,188.1372071331358,185.7902007519677,186.453699999912,45280000,184.79006805419922,,178.41083755493165,4.878911153917555,188.16865986276676,168.65301524709653,181.65410989097734,2.3470063811681143,2.8469536163931393,187.3480171237636,175.96020265819106,182.33934888550348,181.7400812378529,0.5992676476505778,-1.17032187760816,-1,0.0012666707492907658,-0.0012666707492907658
2023-09-06,181.13580322265625,187.01818850408822,179.70976859554776,186.57254135003106,81755800,184.7482745361328,,178.57683486938475,4.913954569392417,188.4047440081696,168.74892573059992,181.60474735113723,7.308419908540458,3.0793587383069636,187.76346482775116,175.4460298745233,182.15418801429624,181.6953199033939,0.4588681109023298,-0.8444838799060621,-1,-0.035793270535043886,0.035793270535043886
2023-09-07,175.8376922607422,176.48139642487362,171.85668142571674,173.48077306769622,112488800,184.54533447265624,,178.5575378417969,4.9244285561905805,188.40639495417804,168.70868072941573,181.05550400919486,4.624714999156879,3.1167574860522267,187.2890189812993,174.82198903709042,181.1824194368264,181.26142155949378,-0.07900212266739004,-0.6913875284583277,-1,-0.02924938564134394,0.02924938564134394
2023-09-08,176.45164489746094,178.49167556913386,176.06542850593996,176.6200091931817,65551300,184.3311361694336,,178.57981872558594,4.913271958300745,188.40636264218742,168.75327480898446,180.6170412366488,2.426247063193898,3.0823082199249683,186.78165767649872,174.45242479679885,180.45460796923172,180.9051418067506,-0.45053383751888987,-0.6432167902704402,-1,0.0034915872065037767,-0.0034915872065037767
2023-09-11,177.62022399902344,178.5511084974291,175.619813594627,178.3233437087065,58953100,184.13358459472656,,178.6575584411621,4.88360514980646,188.42476874077502,168.8903481415492,180.33163007116065,2.931294902802108,3.126377308331726,186.5843846878241,174.0788754544972,180.01854889689196,180.66181456173376,-0.643265664841806,-0.6432265651847134,-1,0.006622659155382626,-0.006622659155382626
2023-09-12,174.58990478515625,178.38275585399316,173.12426491742679,177.7489644157226,90370200,183.78879364013673,,178.5010902404785,4.964707861129764,188.43050596273804,168.57167451821897,179.78479909154117,5.258490936566375,3.271455897373619,186.3277108862884,173.24188729679395,179.18337287970184,180.21204346717246,-1.0286705874706286,-0.7203153696418965,-1,-0.0170606654222204,0.0170606654222204
2023-09-13,172.52017211914062,175.58019553637163,172.2923922361182,174.79785006313273,84267900,183.43247406005858,,178.34066162109374,5.108758694890964,188.55817901087568,168.1231442313118,179.09292985607445,3.2878033002534437,3.315524966466408,185.72397978900727,172.46187992314162,178.15826507038472,179.64227521917013,-1.4840101487854156,-0.8730543254706004,-1,-0.011854824415893694,0.011854824415893694
2023-09-14,174.0353546142578,174.39186327435525,171.89630265367322,172.31222690532334,60895800,183.12880889892577,,178.29956588745117,5.141455670046605,188.5824772275444,168.01665454735794,178.6112560235205,2.4955606206820278,3.339292735117094,185.2898414937547,171.9326705532863,177.5239711540575,179.22694776695442,-1.7029766128969186,-1.039038782955864,-1,0.00878263959805703,-0.00878263959805703
2023-09-15,173.3124237060547,174.78797636853713,172.1339792213286,174.76816613453047,109259500,182.80119140625,,178.3495765686035,5.084703054921899,188.51898267844732,168.1801704587597,178.106605326619,2.6539971472085426,3.2724471912440536,184.6514997091071,171.56171094413088,176.8760407774417,178.78883487355444,-1.9127940961127479,-1.213789845587241,-1,-0.004153931307839587,0.004153931307839587
2023-09-18,176.2436981201172,177.64002479353724,174.46115503817452,174.76814563074643,67257600,182.5545504760742,,178.52188873291016,4.943069239494612,188.40802721189937,168.63575025392095,177.92918559266644,3.1788697553627117,3.275913607079616,184.48101280682567,171.3773583785072,176.77875729169946,178.60030622515168,-1.8215489334522204,-1.3353416631602368,-1,0.016913238828360377,-0.016913238828360377
2023-09-19,177.33303833007812,177.88760394386657,175.4118538031827,175.7980702206982,51826900,182.37063903808593,,178.68182296752929,4.844400231753357,188.370623431036,168.99302250402258,177.87240966289613,2.475750140683857,3.281360290757786,184.4351302444117,171.30968908138055,176.86403129760387,178.50643452922031,-1.6424032316164414,-1.3967539768514778,-1,0.006180874672855108,-0.006180874672855108
2023-09-20,173.7877655029297,177.95692035427507,173.69862701203755,177.52118590379774,58436200,182.1263055419922,,178.59566802978514,4.918517236798246,188.43270250338165,168.75863355618864,177.4833959333755,4.258293342237522,3.423468870734574,184.33033367484467,170.63645819190634,176.39075963688478,178.1569034902358,-1.766143853351025,-1.4706319521513873,-1,-0.01999217326074043,0.01999217326074043
2023-09-21,172.24288940429688,174.58991092023126,172.17357625479622,172.85688574257026,63149100,181.81764739990234,,178.23965606689453,5.113852880851211,188.46736182859695,168.0119503051921,176.98430007346326,2.416334665435045,3.3848472457876655,183.7539945650386,170.21460558188792,175.75262575494818,177.71882837275885,-1.9662026178106657,-1.5697460852832432,-1,-0.008889441061412207,0.008889441061412207
2023-09-22,173.09454345703125,175.36233909077248,172.36173107244514,172.97571228348323,56725400,181.51079223632811,,178.16092681884766,5.183363491621836,188.52765380209132,167.794199835604,176.6138470623745,3.000608018327341,3.282845708667719,183.17953847970995,170.04815564503906,175.3436900168071,177.3762887493716,-2.0325987325645087,-1.6623166147394965,-1,0.0049444946939745105,-0.0049444946939745105
2023-09-25,174.3720245361328,175.25339092524624,172.46073769252675,172.51025571431984,46172700,181.2265197753906,,178.03565216064453,5.245913955700474,188.52748007204548,167.54382424924358,176.40034015511338,2.7926532327194877,3.257594053394064,182.9155282619015,169.88515204832527,175.19420301978028,177.15375065950207,-1.9595476397217908,-1.7217628197359556,-1,0.0073802504318611906,-0.0073802504318611906
2023-09-26,170.2919921875,173.50055447022797,169.99489916963813,173.1242507509963,64588900,180.7953744506836,,177.62814331054688,5.521967592731948,188.67207849601078,166.58420812508297,175.8185927296264,3.5056553005898365,3.331866545329234,182.48232582028487,169.15485963896793,174.440016737891,176.64547225416857,-2.205455516277567,-1.818501359044278,-1,-0.023398434235575194,0.023398434235575194
2023-09-27,168.77682495117188,171.36150860467507,167.41022120055555,170.94558441007192,66921800,180.33906890869142,,176.95028228759764,5.741633760743481,188.4335498090846,165.46701476611068,175.1479481792974,3.951287404119512,3.2620501968605553,181.67204857301851,168.6238477855763,173.56875646301114,176.06260949098362,-2.4938530279724773,-1.953571692829918,-1,-0.008897466151314037,0.008897466151314037
2023-09-28,169.03433227539062,170.36133082824708,165.9941036111019,167.69742105029528,56294400,179.86081573486328,,176.11050872802736,5.6010937945168,187.31269631706095,164.90832113899376,174.565699045592,4.367227217145171,3.3264198654713284,181.21853877653464,167.91285931464935,172.87115274183876,175.54199636390265,-2.6708436220638987,-2.0970260786767145,-1,0.0015257267950932185,-0.0015257267950932185
2023-09-29,169.5492706298828,171.39122924497295,168.68769934956754,170.3514112168,51861100,179.43182647705078,,175.28558959960938,5.265408246253319,185.816406092116,164.75477310710275,174.0879439583816,2.70352989540541,3.380391791757867,180.84872754189735,167.32716037486585,172.360093955384,175.09809075397527,-2.7379967985912685,-2.2252202226596256,-1,0.00304635364638961,-0.00304635364638961
2023-10-02,172.06463623046875,172.6093042881744,169.2719827950215,169.55917827580257,52164500,179.07668212890624,,174.50770797729493,4.429832179198964,183.36737233569286,165.648043618897,173.89524798429468,3.337321493152899,3.466053286237532,180.82735455676976,166.9631414118196,172.31463892078165,174.8733904189007,-2.558751498119051,-2.291926477751511,-1,0.014835602602365938,-0.014835602602365938
2023-10-03,170.7277069091797,171.94578673866616,169.16304627124387,170.58906551933305,49594600,178.6787777709961,,173.6510971069336,3.196839992584436,180.04477709210246,167.25741712176475,173.59357740571232,2.782740467422286,3.4878399905502406,180.5692573868128,166.61789742461184,172.07049553438134,174.56630275151397,-2.4958072171326364,-2.332702625627736,-1,-0.007769925015261969,0.007769925015261969
2023-10-04,171.97552490234375,172.52019299821677,169.31161512407647,169.43044630471027,53020300,178.28862213134767,,173.19308319091797,2.6829590346867076,178.55900126029138,167.82716512154457,173.43947716729627,3.2085778741403033,3.282847888830233,180.00517294495674,166.8737813896358,172.05588466791403,174.37439328120507,-2.318508613291044,-2.3298638231603976,-1,0.007308819498336394,-0.007308819498336394
2023-10-05,173.21337890625,173.74813426454526,171.00499899742474,172.10423261632292,48527900,177.9058172607422,,173.06186752319337,2.6099931257125517,178.28185377461847,167.84188127176827,173.4179439995776,2.743135267120522,3.188768902228415,179.79548180403444,167.04040619512077,172.23396070458108,174.2883922163936,-2.05443151181251,-2.27477736089082,-1,0.0071978498371159105,-0.0071978498371159105
2023-10-06,175.7683868408203,176.2635369377298,171.50018031240361,172.11417670790303,57266700,177.5994302368164,,173.02770462036133,2.5674125035064286,178.1625296273742,167.89287961334847,173.64179569874358,4.763356625326196,3.30562438033503,180.25304445941364,167.0305469380735,172.7777185716948,174.3980214478326,-1.6203028761377993,-2.143882463940216,-1,0.014750638493999935,-0.014750638493999935
2023-10-09,177.25381469726562,177.3132302836497,174.09475506108697,175.09495269037185,42390800,177.2711279296875,,173.00938415527344,2.53400651818592,178.07739719164528,167.9413711189016,173.98579750812664,3.2184752225627165,3.3199833963230603,180.62576430077274,167.34583071548053,173.46634874485954,174.60956168853133,-1.1432129436717844,-1.9437485598865298,-1,0.00845105245114719,-0.00845105245114719
2023-10-10,176.65960693359375,177.97670767634264,176.2238725392073,176.37242659771795,43698000,176.91867797851563,,173.1128692626953,2.6419140705844257,178.39669740386415,167.82904112152647,174.2404460248378,1.7528351371353494,3.144700606351509,180.52984723754082,167.9510448121348,173.95761923543404,174.7614168918693,-0.8037976564352505,-1.715758379196274,-1,-0.003352298875410553,0.003352298875410553
2023-10-11,178.05596923828125,178.10548726772782,175.87731193966172,176.4714829606774,47551100,176.6107699584961,,173.38965911865233,2.8577243812823356,179.105107881217,167.67421035608766,174.6038291880229,2.2281753280661007,3.091719207742142,180.7872676035072,168.4203907725386,174.58813462048747,175.00545780641832,-0.4173231859308544,-1.4560713405431902,-1,0.007904253433623776,-0.007904253433623776
2023-10-12,178.95713806152344,180.57131695227565,177.30332359387822,178.3233466007442,56743100,176.38081695556642,,173.63574829101563,3.11645788845129,179.86866406791822,167.40283251411304,175.0184300331182,3.267993358397433,3.130340844627912,181.279111722374,168.75774834386237,175.26028899603148,175.29817486235203,-0.037885866320550576,-1.1724342456986623,-1,0.0050611547992316375,-0.0050611547992316375
2023-10-13,177.1151885986328,180.16529977566205,176.41206884050376,179.6602521369707,51427100,176.14191375732423,,173.82588653564454,3.210286105178464,180.24645874600148,167.4053143252876,175.21812132507196,3.7532309351582853,3.185302534025399,181.58872639312276,168.84751625702117,175.54565816566247,175.4327684724469,0.11288969321557829,-0.9153694579158143,-1,-0.010292685068853613,0.010292685068853613
2023-10-16,176.98643493652344,177.3429435766639,174.79786506856496,175.03554253225204,52517000,176.08200958251953,,173.86302337646484,3.243848194759966,180.35071976598476,167.3753269869449,175.3865321452102,2.5450785080989533,3.1536129716622114,181.69375808853462,169.07930620188577,175.76731613041034,175.5478548771933,0.21946125321704812,-0.6884033156892418,-1,-0.0007269487339177649,0.0007269487339177649
2023-10-17,175.431640625,176.6893258679855,173.10444466932296,174.93649062028842,57549400,176.0531155395508,,173.76795349121093,3.163669269882346,180.09529203097563,167.44061495144624,175.39082819090444,3.5848811986625435,3.2090695245611456,181.80896724002673,168.97268914178215,175.7156737449626,175.53924641406786,0.1764273308947395,-0.5154371863724456,-1,-0.00878482191067953,0.00878482191067953
2023-10-18,174.1343536376953,175.8574811296678,173.41143884685883,173.87688106979198,54764400,175.97948547363282,167.09663906097413,173.78528289794923,3.1647325663976362,180.1147480307445,167.45581776515397,175.27116394774168,2.4460422828089747,3.118456971589718,181.50807789092113,169.03425000456224,175.47239372845996,175.4351802824847,0.037213445975254444,-0.40490705990290565,1,-0.007394829021052929,0.007394829021052929
2023-10-19,173.75807189941406,176.11497599372035,173.49068662646167,174.33243269200634,59302900,175.9301742553711,167.34877620697023,173.86104202270508,3.1439338915060144,180.1489098057171,167.57317423969306,175.12705994313905,2.624289367258683,3.1288547066809,181.38476935650084,168.86935052977725,175.20865190860673,175.31095003188688,-0.10229812328014987,-0.3443852725783545,1,-0.0021608702155586634,-0.0021608702155586634
2023-10-20,171.2030792236328,173.71843472751576,170.96540176933075,173.60950111647477,64244000,175.83411529541016,167.5817780685425,173.76646881103517,3.1962185742382223,180.1589059595116,167.37403166255874,174.75334749366226,2.7530329581850026,3.1164759536737834,180.98629940100983,168.5203955863147,174.59240995707228,175.00666330534955,-0.41425334827727056,-0.35835888771813773,1,-0.014704310699650835,-0.014704310699650835
2023-10-23,171.3218994140625,172.32209697076135,168.28167117128655,169.25217604772806,55980100,175.73924468994142,167.8219808959961,173.61396255493165,3.238294783152036,180.09055212123573,167.13737298862756,174.42654291465277,4.040425799474804,3.178864582011549,180.78427207867588,168.06881375062966,174.08925448891694,174.7337178319209,-0.644463343003963,-0.41557977877530283,1,0.000694030685479019,0.000694030685479019
2023-10-24,171.75765991210938,171.98542471489895,169.78695717971306,171.37144345921354,43816600,175.62001251220704,168.04168243408202,173.6872459411621,3.1751292740769808,180.03750448931606,167.33698739300814,174.1723635810772,2.198467535185898,3.1135051937413523,180.3993739685599,167.9453531935945,173.73054763094655,174.51326909712006,-0.7827214661735127,-0.48900811625494484,1,0.002543518951968249,0.002543518951968249
2023-10-25,169.4403533935547,171.38133313025827,168.99470625930118,170.2127862637829,57157000,175.4942446899414,168.24718421936035,173.72042236328124,3.124178382493936,179.96877912826912,167.47206559829337,173.7216959441703,2.3866268709570875,3.0352721670832308,179.79224027833678,167.65115161000384,173.07051774827087,174.13749756352263,-1.0669798152517558,-0.6046024560543071,1,-0.013491721532189471,-0.013491721532189471
2023-10-26,165.2711944580078,169.71764765287952,164.06302704400315,168.71743481214864,70625300,175.30252319335938,168.42898048400878,173.53226547241212,3.510669993927525,180.55360546026716,166.51092548455708,172.9168862788215,5.654620608876371,3.099641836669791,179.11616995216107,166.71760260548191,171.87062185746117,173.48073437052153,-1.6101125130603577,-0.8057044674555172,1,-0.02460546647859785,-0.02460546647859785
2023-10-27,166.58827209472656,167.32109955610002,165.21175565878588,165.29098147440297,58499100,175.18804443359375,168.60375396728514,173.38421554565429,3.742274096240522,180.86876373813533,165.89966735317324,172.31416111843149,2.1093438973141474,3.069932536765228,178.45402619196193,166.17429604490104,171.0579526631943,172.97018160935156,-1.9122289461572564,-1.027009363195865,1,0.007969190523720693,0.007969190523720693
2023-10-30,168.63821411132812,169.50968312123874,167.2319896431063,167.38054373931297,51131000,175.10485961914063,168.7891716003418,173.21289443969727,3.8816973663530767,180.97628917240343,165.4494997069911,171.96407092727878,2.2776934781324485,3.0169511360142054,177.99797319930718,165.93016865525038,170.68568519367642,172.6492951280165,-1.9636099343400701,-1.2143294774247062,1,0.012305440177901028,0.012305440177901028
2023-10-31,169.11354064941406,169.24226937820893,166.27136928302133,167.70731641765212,44846000,175.004443359375,168.9703099822998,173.13218612670897,3.952229099444728,181.03664432559842,165.22772792781953,171.69259185319643,2.970900095187602,3.026359117402471,177.74531008800136,165.6398736183915,170.44381680225146,172.38738738886076,-1.9435705866092974,-1.3601776992616246,1,0.00281861700558661,0.00281861700558661
2023-11-01,172.28250122070312,172.53997379429074,168.46983997695696,169.34130885799144,56934900,174.93987609863282,169.16147506713867,173.14753494262695,3.948094608822141,181.04372416027124,165.25134572498266,171.74877369772088,4.070133817333783,3.069436914562145,177.88764752684517,165.60989986859659,170.7266913281671,172.3796180430713,-1.652926714904197,-1.4187275023901391,1,0.01873865663931995,0.01873865663931995
2023-11-02,175.84759521484375,176.05554977286621,173.75806140886317,173.8174769968696,77334800,174.8695654296875,169.37406471252442,173.27924575805665,3.994078544888503,181.26740284783367,165.29108866827963,172.1391376517326,2.297488364003044,3.0471545694062714,178.23344679054514,166.04482851292005,171.51452269534815,172.63650524098037,-1.1219825456322212,-1.3593785110385554,1,0.020693302969716942,0.020693302969716942
2023-11-03,174.93650817871094,175.10487249469713,171.66852990822986,172.5498964006483,79829200,174.87491302490236,169.58180335998534,173.23765182495117,3.971057789130204,181.17976740321157,165.29553624669077,172.4055538923972,3.4363425864672763,2.980803867463325,178.36716162732384,166.44394615747055,172.04098200048088,172.80687582896041,-0.765893828479534,-1.2406815745267514,1,-0.005181117404646218,-0.005181117404646218
2023-11-06,177.491455078125,177.6895120451555,174.50076012117472,174.66910929868956,63841300,174.88719177246094,169.78949768066406,173.24953384399413,3.984041544778143,181.2176169335504,165.28145075443786,172.8899254338951,3.1887519239807887,2.979317702534229,178.84856083896355,166.93129002882662,172.87951632011846,173.1538816992689,-0.2743653791504528,-1.0474183354514917,1,0.014604995412415445,0.014604995412415445
2023-11-07,180.0563507080078,180.67033186387974,177.23398970359145,177.4419442386158,70530000,174.91947540283203,169.99404159545898,173.41937103271485,4.2034222743291725,181.8262155813732,165.0125264840565,173.57244212666774,3.436342160288291,3.063493053691876,179.69942823405148,167.445456019284,173.98364468748605,173.66517569991623,0.31846898756981545,-0.7742408708472303,1,0.014450811892627868,0.014450811892627868
2023-11-08,181.11598205566406,181.67054768588966,179.82858892219454,180.5812266581694,49340300,174.89511413574218,170.1968824005127,173.57237167358397,4.430623170537679,182.43361801465932,164.71112533250863,174.29087450085788,1.8419587636951178,3.044182225473327,180.37923895180452,168.20251004991124,175.08092735951345,174.21708728182347,0.8638400776899857,-0.44662468113978715,1,0.005884998465700564,0.005884998465700564
2023-11-09,180.64064025878906,182.3340449245472,180.04645416963677,181.18530832204868,53763500,174.79133087158203,170.40064979553222,173.65654678344725,4.552622232610374,182.761791248668,164.5513023182265,174.89561409685132,2.2875907549104113,2.9951620952989755,180.88593828744928,168.90528990625336,175.93626780555584,174.69290602085798,1.2433617846978677,-0.10862738797225618,1,-0.0026245160227158504,-0.0026245160227158504
2023-11-10,184.8351287841797,185.00371491529177,181.98922784820692,182.425536381392,66133400,174.7670803833008,170.61503562927246,174.04254379272462,5.1494487859444895,184.3414413646136,163.74364622083564,175.84223454326354,3.0144870670848434,2.9582249018953037,181.75868434705416,169.92578473947293,177.30532334072876,175.44418178110405,1.8611415596247127,0.2853264015471376,1,0.02322007118321512,0.02322007118321512
2023-11-13,183.2485809326172,184.46825067234977,182.66353769728988,184.26002212518753,43627500,174.67960662841796,170.811775970459,174.35565109252929,5.515258901748313,185.3861688960259,163.32513328903266,176.54760086605913,1.8047129750598856,2.92120662524335,182.39001411654584,170.7051876155724,178.21967066255775,176.02228542195687,2.1973852406008803,0.6677381693578862,1,-0.008583583986434773,-0.008583583986434773
2023-11-14,185.8664093017578,186.53078271340215,184.7359804157126,186.1242211071054,60108400,174.639736328125,171.03605155944825,174.87738952636718,6.086391704032659,187.0501729344325,162.70460611830185,177.43510643136378,1.7948022976895572,2.831702680194701,183.09851179175317,171.7717010709744,179.39609199166546,176.7514797834236,2.6446122082418526,1.0631129771346797,1,0.014285667893402243,0.014285667893402243
2023-11-15,186.43161010742188,187.90910668353808,186.20354524355434,186.2729648412074,53790500,174.7456524658203,171.2567929840088,175.49225234985352,6.6063203413300045,188.70489303251352,162.2796116671935,178.29191630527407,1.7055614399837395,2.794678638053439,183.88127358138095,172.7025590291672,180.4784793940895,177.46852647409014,3.009952919999364,1.4524809657076165,1,0.0030408980718319434,0.0030408980718319434
2023-11-16,188.11734008789062,189.35684600106327,187.06622636374277,187.9785160308428,54412900,174.99124542236328,171.48034217834473,176.21021575927733,7.164613075849969,190.53944191097727,161.8809896075774,179.22767095123754,2.2906196373205034,2.77799515155653,184.7836612543506,173.6716806481245,181.65368873159736,178.25732748251983,3.396361249077529,1.841257022381599,1,0.009042082399532081,0.009042082399532081
2023-11-17,188.09751892089844,188.78172866103995,186.98692637498098,188.65281519385715,50922700,175.22416290283203,171.67721717834473,177.05493774414063,7.529826256266501,192.11459025667364,161.99528523160762,180.07241837691953,1.7948022860589674,2.7300836179502284,185.53258561282,174.61225114101907,182.64504722225905,178.98623055202935,3.6588166702296974,2.204768951951219,1,-0.00010536597520960367,-0.00010536597520960367
2023-11-20,189.8427276611328,190.29887250675844,188.2859160609316,188.2958266614519,46505100,175.4686129760742,171.86467414855957,177.98097915649413,7.916592083322497,193.81416332313913,162.14779498984913,181.0029240230351,2.0129564458268305,2.6287101502678296,186.26034432357076,175.74550372249942,183.7523826743935,179.79041552307407,3.9619671513194135,2.556208591824858,1,0.009278212441325762,0.009278212441325762
2023-11-21,189.03953552246094,189.91215257469014,188.14709726863614,189.8030754431615,38134500,175.7576055908203,172.06177230834962,178.8450729370117,8.141527657348124,195.12812825170795,162.56201762231547,181.76831559440896,1.7650553060539949,2.6070395388112346,186.98239467203143,176.5542365167865,184.5657908048654,180.47553552302864,4.090255281836761,2.8630179298272385,1,-0.004230829110849932,-0.004230829110849932
2023-11-22,189.70388793945312,191.31028267101584,189.22792193208022,189.88238464889707,39617700,176.10127990722657,172.24779525756836,179.85824966430664,8.170355758741014,196.19896118178866,163.51753814682462,182.52408438917507,2.08236073893562,2.591826232210161,187.7077368535954,177.34043192475474,185.35626728710966,181.15911718350452,4.197150103605139,3.1298443645828185,1,0.00351435701085534,0.00351435701085534
2023-11-24,188.3751678466797,189.29735306155973,187.66121116968733,189.26760612757576,24048300,176.388076171875,172.4406350708008,181.01344833374023,7.6137188772009345,196.2408860881421,165.78601057933835,183.08133043274694,1.6361418918723984,2.3909022963599624,187.86313502546687,178.299525840027,185.8207135270435,181.69363945485082,4.12707407219267,3.329290306104789,1,-0.007004179551646894,-0.007004179551646894
2023-11-27,188.19667053222656,189.06928760823715,187.31414285514808,188.3255839995523,40552600,176.68576110839842,172.63775917053223,182.09386825561523,6.964467770326505,196.02280379626825,168.16493271496222,183.56850568031643,1.7551447530890698,2.3731923391487086,188.31489035861387,178.822121002019,186.18624537399472,182.17534546058235,4.0108999134123735,3.465612227566306,1,-0.0009475628687874993,-0.0009475628687874993
2023-11-28,188.80154418945312,189.47584330827428,187.80993940877178,188.18675406725092,38415400,176.93691802978515,172.83608055114746,183.10203475952147,6.346083372091431,195.79420150370433,170.40986801533862,184.06689030023423,1.6659038995024957,2.342602860217211,188.75209602066866,179.3816845797998,186.5885990379114,182.66617499605428,3.922424041857113,3.5569745904244674,1,0.0032140507880185076,0.0032140507880185076
2023-11-29,187.78018188476562,190.47734794655034,187.3835460471391,189.2973359031836,43014200,177.14586090087892,173.01527122497558,184.03536682128907,5.496255315890487,195.02787745307006,173.0428561895081,184.42053711780864,3.0938018994112326,2.3487479504283924,189.11803301866541,179.72304121695186,186.77191947588898,183.04499032114398,3.726929154744994,3.590965503288573,1,-0.005409713723859233,-0.005409713723859233
2023-11-30,188.35531616210938,188.7222202024886,186.61009727764167,188.2462390361622,48794400,177.4372119140625,173.20054748535156,184.83900756835936,4.8209137096745085,194.4808349877084,175.19718014901034,184.7952779791706,2.112122924846915,2.2508474058040493,189.2969727907787,180.2935831675625,187.01551896607674,183.4383477908451,3.5771711752316264,3.5882066376771835,1,0.0030628060510491384,0.0030628060510491384
2023-12-01,189.63449096679688,189.95179660734362,187.64135580786584,188.73212704562349,45704800,177.7850439453125,173.38170143127442,185.52835235595703,4.438054404901265,194.40446116575956,176.6522435461545,185.25615540656358,2.3104407994777887,2.2514950275777865,189.75914546171916,180.753165351408,187.4184377354183,183.89732135943413,3.521116375984178,3.574788585338583,1,0.006791285909799161,0.006791285909799161
2023-12-04,187.8396759033203,188.45448112204545,185.87630278327032,188.38506152852514,43389500,178.0799465942383,173.5618808746338,186.1735107421875,3.692529283748596,193.55856930968469,178.7884521746903,185.50220497768328,2.578178338775132,2.208586815193179,189.91937860806962,181.08503134729693,187.48324360740324,184.18934762194422,3.2938959854590166,3.5186100653626697,1,-0.009464602427154523,-0.009464602427154523
2023-12-05,191.79617309570312,192.76794143388682,188.58336852388663,188.61313058416235,66628400,178.4284295654297,173.7675708770752,186.8887466430664,3.2852595125012973,193.459265668069,180.31822761806382,186.10163051273278,4.184572910000185,2.258377864494149,190.61838624172108,181.58487478374448,188.14677122098783,184.752816175556,3.3939550454318237,3.493679061376501,1,0.02106316023681387,0.02106316023681387
2023-12-06,190.70545959472656,193.12496281511594,190.49721591044622,192.81756772030812,41089700,178.83669891357422,173.98790496826172,187.42120208740235,2.9671992710035444,193.35560062940945,181.48680354539525,186.54009042530362,2.6277469046697206,2.2179481017132203,190.97598662873006,182.10419422187718,188.5404155861784,185.1937527251242,3.346662861054199,3.464275821312041,1,-0.00568683662125169,-0.00568683662125169
2023-12-07,192.63905334472656,193.3629205543118,191.96475426663108,192.0044269286476,47477700,179.3139434814453,174.21578361511231,187.99735565185546,2.792021266143238,193.58139818414193,182.41331311956898,187.12094403667723,1.3981662876807377,2.1957584779125012,191.51246099250224,182.72942708085222,189.17097524133965,185.74525647472439,3.4257187666152618,3.4565644103726854,1,0.010139163053376254,0.010139163053376254
2023-12-08,194.0669708251953,194.34461894265894,192.04408867717459,192.56963798027982,53406400,179.81459625244142,174.44838233947755,188.66867218017578,2.5320879839962736,193.73284814816833,183.60449621218322,187.78247039748848,2.3005302654843547,2.1964054534411988,192.17528130437088,183.38965949060608,189.9242053311636,186.36167975994445,3.5625255712191404,3.4777566425419764,1,0.007412398761706518,0.007412398761706518
2023-12-11,191.5581817626953,191.8655919183663,189.8129630007935,191.48877730415995,60943700,180.25477447509766,174.68172027587892,189.00482482910155,2.4410002286181323,193.88682528633782,184.12282437186528,188.1420619560796,2.052628917572804,2.1483125459655965,192.4386870480108,183.8454368641484,190.17558632063,186.7466058342223,3.42898048640771,3.4680014113151234,1,-0.012927439696885812,-0.012927439696885812
2023-12-12,193.0753631591797,193.08527375940776,190.11045957675134,191.45904261144975,52696900,180.67498901367188,174.91666915893555,189.49616394042968,2.1982985796504892,193.89276109973065,185.09956678112871,188.61190016589865,2.9748141826564165,2.2068176063454232,193.0255353785895,184.1982649532078,190.62170583425305,187.21540267310803,3.4063031611450185,3.4556617612811027,1,0.007920211929991483,0.007920211929991483
2023-12-13,196.29806518554688,196.33772271445184,193.21417408717826,193.45214952198077,70404200,181.18639617919922,175.17024993896484,190.01774673461915,2.507542158411992,195.03283105144314,185.00266241779516,189.34391588205563,3.1235486272735784,2.2732549228246244,193.89042572770487,184.7974060364064,191.49499188829824,187.88819248884425,3.6067993994539904,3.4858892889156805,1,0.016691420249771882,0.016691420249771882
2023-12-14,196.44680786132812,197.94412551234106,194.51318172109634,196.3575670696298,66831600,181.6758218383789,175.434944229126,190.51850662231445,2.742691989226749,196.00389060076793,185.03312264386096,190.0203817848435,3.430943791244715,2.359524040387673,194.73942986561883,185.30133370406816,192.25680973030282,188.52216399791712,3.734645732385701,3.535640577609685,1,0.0007577388785806605,0.0007577388785806605
2023-12-15,195.91136169433594,196.73438033852585,195.34613971264017,195.87168903034603,128538400,182.12978149414062,175.69399848937988,190.90820770263673,2.9308232548238657,196.76985421228446,185.046561192989,190.58142749050944,1.388240625885686,2.3144050898159323,195.2102376701413,185.95261731087757,192.81904849400024,189.06951197542963,3.7495365185706078,3.5784197658018697,1,-0.0027256547093916783,-0.0027256547093916783
2023-12-18,194.2454376220703,194.97923052273018,192.75803062150393,194.44375552934187,55751900,182.49932250976562,175.91944061279298,191.21560363769532,2.9428956466903933,197.1013949310761,185.32981234431455,190.9303808363724,2.2211999012262424,2.335724970574296,195.60183077752097,186.2589308952238,193.03849297524178,189.4529138751808,3.5855791000609827,3.5798516326536927,1,-0.008503458185670887,-0.008503458185670887
2023-12-19,195.28665161132812,195.2965622122741,194.24546354583867,194.51320107826476,40714100,182.85997924804687,176.13626235961914,191.48779983520507,3.0587139429978585,197.60522772120078,185.37037194920936,191.34526376732055,1.051098666435422,2.2876320816047255,195.92052793053,186.7699996041111,193.38436353463968,189.88504259637688,3.499320938262798,3.5637454937755138,1,0.005360300875038471,0.005360300875038471
2023-12-20,193.19436645507812,196.0204310779547,193.19436645507812,195.24698053858313,52242800,183.19067443847655,176.35363441467285,191.69554138183594,3.024584609981303,197.74471060179854,185.64637216187333,191.52136878520224,2.8260646228765722,2.340682547445854,196.20273388009394,186.84000369031054,193.35513321470714,190.1301776970214,3.2249555176857427,3.49598749855756,1,-0.0107139179200747,-0.0107139179200747
2023-12-21,193.04562377929688,195.42548448345963,191.87553732603428,194.45371597287163,46482500,183.49046752929686,176.56399162292482,191.8626281738281,3.000980614469338,197.8645894027668,185.86066694488943,191.66653592749697,3.5499471574253505,2.4140618683703408,196.49465966423764,186.8384121907563,193.30751637849016,190.34613666607885,2.961379712411315,3.389065941328311,1,-0.0007699120761672784,-0.0007699120761672784
2023-12-22,191.9746856689453,193.76948784569112,191.349969834571,193.54140785907617,37149600,183.75081848144532,176.7802527618408,192.0426040649414,2.886576548540842,197.8157571620231,186.2694509678597,191.69588352192062,2.419518011120118,2.453230674332727,196.60234487058608,186.78942217325516,193.10246550009865,190.46676992555044,2.6356955745482082,3.2383918679722905,1,-0.005547590716565187,-0.005547590716565187
2023-12-26,191.42929077148438,192.262235089905,191.21113652656177,191.98458698376479,28919300,184.03710052490234,177.00410736083984,192.2042350769043,2.747023422758017,197.69828192242034,186.71018823138826,191.6704937361648,1.0510985633432313,2.418028364845435,196.50655046585567,186.8344370064739,192.84505400338875,190.53806776599,2.306986237398746,3.052110741857582,1,-0.002840972993707336,-0.002840972993707336
2023-12-27,191.5284423828125,191.87551008122907,189.48573911500236,190.87399477798158,48087700,184.32794067382812,177.21872985839843,192.34057998657227,2.634619795005292,197.60981957658285,187.07134039656168,191.65696503584553,2.389770966226706,2.4542217181816453,196.56540847220882,186.74852159948225,192.64249836945393,190.6114288487176,2.031069520736338,2.847902497633333,1,0.0005179542322313324,0.0005179542322313324
2023-12-28,191.95484924316406,193.0257841884141,191.5482876644632,192.51014548202977,34049900,184.65840484619142,177.42501571655274,192.5493133544922,2.410103435236398,197.369520224965,187.7291064840194,191.68533496035204,1.4774965239508902,2.373406449408628,196.4321478591693,186.93852206153477,192.53670619617856,190.71094147052844,1.8257647256501173,2.64347494323669,1,0.0022263370131694327,0.0022263370131694327
2023-12-29,190.91366577148438,192.76796185552627,190.12037892679615,192.27215946893213,42672100,184.99399108886718,177.6241205596924,192.67723083496094,2.237501493467581,197.1522338218961,188.20222784802579,191.61184265665037,2.6475829287301167,2.4001794496027884,196.41220155585594,186.8114837574448,192.2870076693025,190.72595808541405,1.5610495838884617,2.426989871367044,1,-0.005424106115499816,-0.005424106115499816
